"Net Name","Pass/Fail","Operation","Driver Comp Ref Des & Pin Name","Receiver Comp Ref Des & Pin Name","Associated Clk Net Name","Associated Clk Driver Comp Ref Des & Pin Name","Associated Clk Receiver Comp Ref Des & Pin Name","Clk Launch Time (From Sim), [ns]","Clk Arrival Time (From Sim), [ns]","Clk Delay Time, [ps]","Strobe Launch Time (From Sim), [ns]","Strobe Arrival Time (From Sim), [ns]","Strobe Delay Time, [ps]","Launch Skew Time (min), [ps]","Launch Skew Time (typ), [ps]","Launch Skew Time (max), [ps]","tDQSS Skew Time (early), [ps]","tDQSS Skew Time (typ), [ps]","tDQSS Skew Time (late), [ps]","tDSS Setup Time (From Sim), [ps]","tDSH Hold Time (From Sim), [ps]","Negative tDQSS Limit, [ps]","Positive tDQSS Limit, [ps]","tDSS Limit, [ps]","tDSH Limit, [ps]","tDQSS (early) Time Margin = tDQSS(early) - tDQSS(negative limit), [ps]","tDQSS (late) Time Margin = tDQSS(positive limit) - tDQSS(late), [ps]","tDSS Time Margin = tDSS - tDSS(limit), [ps]","tDSH Time Margin = tDSH - tDSH(limit), [ps]","Stimulus Offset, [ps]","Comments"
"/Principal/BANK_502/DDR_DQS0_P","Pass","Write slot1","U1.H24&G25","U2.C7&B7","/Principal/BANK_502/DDR_CLK_P","U1.R21&P21","U2.J7&K7"," 3.353"," 3.755"," 401.6"," 3.309"," 3.600"," 290.8","-169.2"," -44.2","  80.8","-280.0","-155.0"," -30.0","N/A"," 657.2","-468.7"," 468.7"," 375.0"," 375.0"," 188.8"," 498.7","N/A"," 282.2"," 0.000"
"/Principal/BANK_502/DDR_DQS0_P","Pass","Write slot1","U1.H24&G25","U2.C7&B7","/Principal/BANK_502/DDR_CLK_P","U1.R21&P21","U2.J7&K7"," 5.233"," 5.629"," 396.5"," 5.184"," 5.475"," 290.7","-173.9"," -48.9","  76.1","-279.7","-154.7"," -29.7","N/A"," 657.3","-468.7"," 468.7"," 375.0"," 375.0"," 189.1"," 498.4","N/A"," 282.3"," 0.000"
"/Principal/BANK_502/DDR_DQS0_P","Pass","Write slot1","U1.H24&G25","U2.C7&B7","/Principal/BANK_502/DDR_CLK_P","U1.R21&P21","U2.J7&K7"," 7.109"," 7.504"," 395.3"," 7.059"," 7.350"," 290.5","-174.2"," -49.2","  75.8","-279.0","-154.0"," -29.0","N/A"," 657.9","-468.7"," 468.7"," 375.0"," 375.0"," 189.8"," 497.7","N/A"," 282.9"," 0.000"
"/Principal/BANK_502/DDR_DQS0_P","Pass","Write slot1","U1.H24&G25","U2.C7&B7","/Principal/BANK_502/DDR_CLK_P","U1.R21&P21","U2.J7&K7"," 8.983"," 9.379"," 395.3"," 8.934"," 9.225"," 290.5","-174.3"," -49.3","  75.7","-279.0","-154.0"," -29.0","N/A"," 658.1","-468.7"," 468.7"," 375.0"," 375.0"," 189.7"," 497.8","N/A"," 283.1"," 0.000"
"/Principal/BANK_502/DDR_DQS0_P","Pass","Write slot1","U1.H24&G25","U2.C7&B7","/Principal/BANK_502/DDR_CLK_P","U1.R21&P21","U2.J7&K7","10.859","11.254"," 395.2","10.809","11.100"," 290.5","-174.3"," -49.3","  75.7","-279.0","-154.0"," -29.0","N/A"," 658.2","-468.7"," 468.7"," 375.0"," 375.0"," 189.7"," 497.8","N/A"," 283.2"," 0.000"
"/Principal/BANK_502/DDR_DQS0_P","Pass","Write slot1","U1.H24&G25","U2.C7&B7","/Principal/BANK_502/DDR_CLK_P","U1.R21&P21","U2.J7&K7","12.734","13.129"," 395.1","12.684","12.975"," 290.5","-174.4"," -49.4","  75.6","-279.0","-154.0"," -29.0","N/A"," 658.2","-468.7"," 468.7"," 375.0"," 375.0"," 189.7"," 497.8","N/A"," 283.2"," 0.000"
"/Principal/BANK_502/DDR_DQS0_P","Pass","Write slot1","U1.H24&G25","U2.C7&B7","/Principal/BANK_502/DDR_CLK_P","U1.R21&P21","U2.J7&K7","14.609","15.004"," 395.0","14.559","14.850"," 290.5","-174.7"," -49.7","  75.3","-279.2","-154.2"," -29.2","N/A"," 658.0","-468.7"," 468.7"," 375.0"," 375.0"," 189.6"," 497.9","N/A"," 283.0"," 0.000"
"/Principal/BANK_502/DDR_DQS0_P","Pass","Write slot1","U1.H24&G25","U2.C7&B7","/Principal/BANK_502/DDR_CLK_P","U1.R21&P21","U2.J7&K7","16.484","16.879"," 394.9","16.434","16.725"," 290.4","-174.5"," -49.5","  75.5","-279.0","-154.0"," -29.0","N/A"," 658.4","-468.7"," 468.7"," 375.0"," 375.0"," 189.7"," 497.8","N/A"," 283.4"," 0.000"
"/Principal/BANK_502/DDR_DQS0_P","Pass","Write slot1","U1.H24&G25","U2.C7&B7","/Principal/BANK_502/DDR_CLK_P","U1.R21&P21","U2.J7&K7","18.359","18.754"," 394.8","18.309","18.600"," 290.4","-174.5"," -49.5","  75.5","-278.9","-153.9"," -28.9","N/A"," 658.4","-468.7"," 468.7"," 375.0"," 375.0"," 189.9"," 497.6","N/A"," 283.4"," 0.000"
"/Principal/BANK_502/DDR_DQS0_P","Pass","Write slot1","U1.H24&G25","U2.C7&B7","/Principal/BANK_502/DDR_CLK_P","U1.R21&P21","U2.J7&K7","20.234","20.629"," 394.8","20.184","20.475"," 290.4","-174.5"," -49.5","  75.5","-278.9","-153.9"," -28.9","N/A"," 658.2","-468.7"," 468.7"," 375.0"," 375.0"," 189.9"," 497.6","N/A"," 283.2"," 0.000"
"/Principal/BANK_502/DDR_DQS0_P","Pass","Write slot1","U1.H24&G25","U2.C7&B7","/Principal/BANK_502/DDR_CLK_P","U1.R21&P21","U2.J7&K7","22.109","22.504"," 394.8","22.059","22.349"," 290.5","-175.0"," -50.0","  75.0","-279.2","-154.2"," -29.2","N/A"," 658.0","-468.7"," 468.7"," 375.0"," 375.0"," 189.5"," 498.0","N/A"," 283.0"," 0.000"
"/Principal/BANK_502/DDR_DQS0_P","Pass","Write slot1","U1.H24&G25","U2.C7&B7","/Principal/BANK_502/DDR_CLK_P","U1.R21&P21","U2.J7&K7","23.984","24.379"," 394.7","23.934","24.225"," 290.4","-174.7"," -49.7","  75.3","-279.1","-154.1"," -29.1","N/A"," 658.2","-468.7"," 468.7"," 375.0"," 375.0"," 189.7"," 497.8","N/A"," 283.2"," 0.000"
"/Principal/BANK_502/DDR_DQS0_P","Pass","Write slot1","U1.H24&G25","U2.C7&B7","/Principal/BANK_502/DDR_CLK_P","U1.R21&P21","U2.J7&K7","25.859","26.254"," 394.7","25.809","26.100"," 290.4","-174.8"," -49.8","  75.2","-279.1","-154.1"," -29.1","N/A"," 658.2","-468.7"," 468.7"," 375.0"," 375.0"," 189.7"," 497.8","N/A"," 283.2"," 0.000"
"/Principal/BANK_502/DDR_DQS0_P","Pass","Write slot1","U1.H24&G25","U2.C7&B7","/Principal/BANK_502/DDR_CLK_P","U1.R21&P21","U2.J7&K7","27.734","28.129"," 394.7","27.684","27.975"," 290.4","-174.8"," -49.8","  75.2","-279.1","-154.1"," -29.1","N/A"," 658.2","-468.7"," 468.7"," 375.0"," 375.0"," 189.7"," 497.8","N/A"," 283.2"," 0.000"
"/Principal/BANK_502/DDR_DQS0_P","Pass","Write slot1","U1.H24&G25","U2.C7&B7","/Principal/BANK_502/DDR_CLK_P","U1.R21&P21","U2.J7&K7","29.609","30.004"," 394.6","29.559","29.849"," 290.5","-175.1"," -50.1","  74.9","-279.2","-154.2"," -29.2","N/A"," 658.0","-468.7"," 468.7"," 375.0"," 375.0"," 189.5"," 498.0","N/A"," 283.0"," 0.000"
"/Principal/BANK_502/DDR_DQS0_P","Pass","Write slot1","U1.H24&G25","U2.C7&B7","/Principal/BANK_502/DDR_CLK_P","U1.R21&P21","U2.J7&K7","31.484","31.879"," 394.6","31.434","31.725"," 290.3","-174.8"," -49.8","  75.2","-279.1","-154.1"," -29.1","N/A"," 658.2","-468.7"," 468.7"," 375.0"," 375.0"," 189.7"," 497.8","N/A"," 283.2"," 0.000"
"/Principal/BANK_502/DDR_DQS0_P","Pass","Write slot1","U1.H24&G25","U2.C7&B7","/Principal/BANK_502/DDR_CLK_P","U1.R21&P21","U2.J7&K7","33.359","33.754"," 394.6","33.309","33.600"," 290.4","-174.9"," -49.9","  75.1","-279.1","-154.1"," -29.1","N/A"," 658.5","-468.7"," 468.7"," 375.0"," 375.0"," 189.7"," 497.8","N/A"," 283.5"," 0.000"
"/Principal/BANK_502/DDR_DQS0_P","Pass","Write slot1","U1.H24&G25","U2.C7&B7","/Principal/BANK_502/DDR_CLK_P","U1.R21&P21","U2.J7&K7","35.234","35.629"," 394.6","35.184","35.475"," 290.4","-174.9"," -49.9","  75.1","-279.1","-154.1"," -29.1","N/A"," 658.0","-468.7"," 468.7"," 375.0"," 375.0"," 189.6"," 497.9","N/A"," 283.0"," 0.000"
"/Principal/BANK_502/DDR_DQS0_P","Pass","Write slot1","U1.H24&G25","U2.C7&B7","/Principal/BANK_502/DDR_CLK_P","U1.R21&P21","U2.J7&K7","37.109","37.504"," 394.5","37.059","37.350"," 290.3","-175.0"," -50.0","  75.0","-279.2","-154.2"," -29.2","N/A"," 658.2","-468.7"," 468.7"," 375.0"," 375.0"," 189.6"," 497.9","N/A"," 283.2"," 0.000"
"/Principal/BANK_502/DDR_DQS0_P","Pass","Write slot1","U1.H24&G25","U2.C7&B7","/Principal/BANK_502/DDR_CLK_P","U1.R21&P21","U2.J7&K7","38.984","39.379"," 394.5","38.934","39.224"," 290.4","-175.2"," -50.2","  74.8","-279.3","-154.3"," -29.3","N/A"," 658.2","-468.7"," 468.7"," 375.0"," 375.0"," 189.4"," 498.1","N/A"," 283.2"," 0.000"
"/Principal/BANK_502/DDR_DQS0_P","Pass","Write slot1","U1.H24&G25","U2.C7&B7","/Principal/BANK_502/DDR_CLK_P","U1.R21&P21","U2.J7&K7","40.859","41.254"," 394.5","40.809","41.100"," 290.3","-174.8"," -49.8","  75.2","-279.0","-154.0"," -29.0","N/A"," 658.2","-468.7"," 468.7"," 375.0"," 375.0"," 189.8"," 497.7","N/A"," 283.2"," 0.000"
"/Principal/BANK_502/DDR_DQS0_P","Pass","Write slot1","U1.H24&G25","U2.C7&B7","/Principal/BANK_502/DDR_CLK_P","U1.R21&P21","U2.J7&K7","42.734","43.129"," 394.5","42.684","42.974"," 290.4","-175.2"," -50.2","  74.8","-279.3","-154.3"," -29.3","N/A"," 658.2","-468.7"," 468.7"," 375.0"," 375.0"," 189.4"," 498.1","N/A"," 283.2"," 0.000"
"/Principal/BANK_502/DDR_DQS0_P","Pass","Write slot1","U1.H24&G25","U2.C7&B7","/Principal/BANK_502/DDR_CLK_P","U1.R21&P21","U2.J7&K7","44.609","45.004"," 394.5","44.559","44.850"," 290.3","-174.8"," -49.8","  75.2","-279.0","-154.0"," -29.0","N/A"," 658.2","-468.7"," 468.7"," 375.0"," 375.0"," 189.8"," 497.7","N/A"," 283.2"," 0.000"
"/Principal/BANK_502/DDR_DQS0_P","Pass","Write slot1","U1.H24&G25","U2.C7&B7","/Principal/BANK_502/DDR_CLK_P","U1.R21&P21","U2.J7&K7","46.484","46.879"," 394.5","46.434","46.724"," 290.4","-175.2"," -50.2","  74.8","-279.3","-154.3"," -29.3","N/A"," 658.0","-468.7"," 468.7"," 375.0"," 375.0"," 189.4"," 498.1","N/A"," 283.0"," 0.000"
"/Principal/BANK_502/DDR_DQS0_P","Pass","Write slot1","U1.H24&G25","U2.C7&B7","/Principal/BANK_502/DDR_CLK_P","U1.R21&P21","U2.J7&K7","48.359","48.754"," 394.5","48.309","48.599"," 290.3","-175.2"," -50.2","  74.8","-279.3","-154.3"," -29.3","N/A"," 658.2","-468.7"," 468.7"," 375.0"," 375.0"," 189.4"," 498.1","N/A"," 283.2"," 0.000"
"/Principal/BANK_502/DDR_DQS0_P","Pass","Write slot1","U1.H24&G25","U2.C7&B7","/Principal/BANK_502/DDR_CLK_P","U1.R21&P21","U2.J7&K7","50.234","50.629"," 394.5","50.184","50.475"," 290.3","-175.0"," -50.0","  75.0","-279.2","-154.2"," -29.2","N/A"," 658.0","-468.7"," 468.7"," 375.0"," 375.0"," 189.6"," 497.9","N/A"," 283.0"," 0.000"
"/Principal/BANK_502/DDR_DQS0_P","Pass","Write slot1","U1.H24&G25","U2.C7&B7","/Principal/BANK_502/DDR_CLK_P","U1.R21&P21","U2.J7&K7","52.109","52.504"," 394.5","52.059","52.349"," 290.3","-175.2"," -50.2","  74.8","-279.3","-154.3"," -29.3","N/A"," 658.0","-468.7"," 468.7"," 375.0"," 375.0"," 189.5"," 498.0","N/A"," 283.0"," 0.000"
"/Principal/BANK_502/DDR_DQS0_P","Pass","Write slot1","U1.H24&G25","U2.C7&B7","/Principal/BANK_502/DDR_CLK_P","U1.R21&P21","U2.J7&K7","53.984","54.379"," 394.5","53.934","54.225"," 290.2","-175.0"," -50.0","  75.0","-279.2","-154.2"," -29.2","N/A"," 658.4","-468.7"," 468.7"," 375.0"," 375.0"," 189.6"," 497.9","N/A"," 283.4"," 0.000"
"/Principal/BANK_502/DDR_DQS0_P","Pass","Write slot1","U1.H24&G25","U2.C7&B7","/Principal/BANK_502/DDR_CLK_P","U1.R21&P21","U2.J7&K7","55.859","56.254"," 394.4","55.809","56.100"," 290.3","-175.0"," -50.0","  75.0","-279.2","-154.2"," -29.2","N/A"," 658.2","-468.7"," 468.7"," 375.0"," 375.0"," 189.6"," 497.9","N/A"," 283.2"," 0.000"
"/Principal/BANK_502/DDR_DQS0_P","Pass","Write slot1","U1.H24&G25","U2.C7&B7","/Principal/BANK_502/DDR_CLK_P","U1.R21&P21","U2.J7&K7","57.734","58.129"," 394.4","57.684","57.975"," 290.3","-175.0"," -50.0","  75.0","-279.1","-154.1"," -29.1","N/A"," 658.3","-468.7"," 468.7"," 375.0"," 375.0"," 189.6"," 497.9","N/A"," 283.3"," 0.000"
"/Principal/BANK_502/DDR_DQS0_P","Pass","Write slot1","U1.H24&G25","U2.C7&B7","/Principal/BANK_502/DDR_CLK_P","U1.R21&P21","U2.J7&K7","59.609","60.004"," 394.4","59.559","59.850"," 290.3","-175.0"," -50.0","  75.0","-279.1","-154.1"," -29.1","N/A"," 658.2","-468.7"," 468.7"," 375.0"," 375.0"," 189.6"," 497.9","N/A"," 283.2"," 0.000"
"/Principal/BANK_502/DDR_DQS0_P","Pass","Write slot1","U1.H24&G25","U2.C7&B7","/Principal/BANK_502/DDR_CLK_P","U1.R21&P21","U2.J7&K7","61.484","61.879"," 394.4","61.434","61.725"," 290.3","-175.0"," -50.0","  75.0","-279.1","-154.1"," -29.1","N/A"," 658.0","-468.7"," 468.7"," 375.0"," 375.0"," 189.6"," 497.9","N/A"," 283.0"," 0.000"
"/Principal/BANK_502/DDR_DQS0_P","Pass","Write slot1","U1.H24&G25","U2.C7&B7","/Principal/BANK_502/DDR_CLK_P","U1.R21&P21","U2.J7&K7","63.359","63.754"," 394.4","63.309","63.600"," 290.3","-175.0"," -50.0","  75.0","-279.2","-154.2"," -29.2","N/A"," 658.4","-468.7"," 468.7"," 375.0"," 375.0"," 189.6"," 497.9","N/A"," 283.4"," 0.000"
"/Principal/BANK_502/DDR_DQS0_P","Pass","Write slot1","U1.H24&G25","U2.C7&B7","/Principal/BANK_502/DDR_CLK_P","U1.R21&P21","U2.J7&K7","65.234","65.629"," 394.4","65.184","65.475"," 290.3","-175.1"," -50.1","  74.9","-279.2","-154.2"," -29.2","N/A"," 658.2","-468.7"," 468.7"," 375.0"," 375.0"," 189.6"," 497.9","N/A"," 283.2"," 0.000"
"/Principal/BANK_502/DDR_DQS0_P","Pass","Write slot1","U1.H24&G25","U2.C7&B7","/Principal/BANK_502/DDR_CLK_P","U1.R21&P21","U2.J7&K7","67.109","67.504"," 394.4","67.059","67.350"," 290.3","-174.9"," -49.9","  75.1","-279.0","-154.0"," -29.0","N/A"," 658.4","-468.7"," 468.7"," 375.0"," 375.0"," 189.8"," 497.7","N/A"," 283.4"," 0.000"
"/Principal/BANK_502/DDR_DQS0_P","Pass","Write slot1","U1.H24&G25","U2.C7&B7","/Principal/BANK_502/DDR_CLK_P","U1.R21&P21","U2.J7&K7","68.984","69.379"," 394.4","68.934","69.225"," 290.3","-175.1"," -50.1","  74.9","-279.1","-154.1"," -29.1","N/A"," 658.2","-468.7"," 468.7"," 375.0"," 375.0"," 189.6"," 497.9","N/A"," 283.2"," 0.000"
"/Principal/BANK_502/DDR_DQS0_P","Pass","Write slot1","U1.H24&G25","U2.C7&B7","/Principal/BANK_502/DDR_CLK_P","U1.R21&P21","U2.J7&K7","70.859","71.254"," 394.4","70.809","71.100"," 290.3","-174.9"," -49.9","  75.1","-279.0","-154.0"," -29.0","N/A"," 658.2","-468.7"," 468.7"," 375.0"," 375.0"," 189.8"," 497.7","N/A"," 283.2"," 0.000"
"/Principal/BANK_502/DDR_DQS0_P","Pass","Write slot1","U1.H24&G25","U2.C7&B7","/Principal/BANK_502/DDR_CLK_P","U1.R21&P21","U2.J7&K7","72.734","73.129"," 394.4","72.684","72.974"," 290.4","-175.3"," -50.3","  74.7","-279.3","-154.3"," -29.3","N/A"," 658.2","-468.7"," 468.7"," 375.0"," 375.0"," 189.4"," 498.1","N/A"," 283.2"," 0.000"
"/Principal/BANK_502/DDR_DQS0_P","Pass","Write slot1","U1.H24&G25","U2.C7&B7","/Principal/BANK_502/DDR_CLK_P","U1.R21&P21","U2.J7&K7","74.609","75.004"," 394.4","74.559","74.850"," 290.3","-175.1"," -50.1","  74.9","-279.1","-154.1"," -29.1","N/A"," 658.0","-468.7"," 468.7"," 375.0"," 375.0"," 189.6"," 497.9","N/A"," 283.0"," 0.000"
"/Principal/BANK_502/DDR_DQS0_P","Pass","Write slot1","U1.H24&G25","U2.C7&B7","/Principal/BANK_502/DDR_CLK_P","U1.R21&P21","U2.J7&K7","76.484","76.879"," 394.4","76.434","76.725"," 290.3","-175.0"," -50.0","  75.0","-279.1","-154.1"," -29.1","N/A"," 658.4","-468.7"," 468.7"," 375.0"," 375.0"," 189.6"," 497.9","N/A"," 283.4"," 0.000"
"/Principal/BANK_502/DDR_DQS0_P","Pass","Write slot1","U1.H24&G25","U2.C7&B7","/Principal/BANK_502/DDR_CLK_P","U1.R21&P21","U2.J7&K7","78.359","78.754"," 394.4","78.309","78.600"," 290.3","-174.9"," -49.9","  75.1","-279.0","-154.0"," -29.0","N/A"," 658.3","-468.7"," 468.7"," 375.0"," 375.0"," 189.8"," 497.7","N/A"," 283.3"," 0.000"
"/Principal/BANK_502/DDR_DQS0_P","Pass","Write slot1","U1.H24&G25","U2.C7&B7","/Principal/BANK_502/DDR_CLK_P","U1.R21&P21","U2.J7&K7","80.234","80.629"," 394.3","80.184","80.475"," 290.3","-175.2"," -50.2","  74.8","-279.2","-154.2"," -29.2","N/A"," 658.4","-468.7"," 468.7"," 375.0"," 375.0"," 189.5"," 498.0","N/A"," 283.4"," 0.000"
"/Principal/BANK_502/DDR_DQS0_P","Pass","Write slot1","U1.H24&G25","U2.C7&B7","/Principal/BANK_502/DDR_CLK_P","U1.R21&P21","U2.J7&K7","82.109","82.504"," 394.4","82.059","82.350"," 290.3","-175.2"," -50.2","  74.8","-279.2","-154.2"," -29.2","N/A"," 658.2","-468.7"," 468.7"," 375.0"," 375.0"," 189.5"," 498.0","N/A"," 283.2"," 0.000"
"/Principal/BANK_502/DDR_DQS0_P","Pass","Write slot1","U1.H24&G25","U2.C7&B7","/Principal/BANK_502/DDR_CLK_P","U1.R21&P21","U2.J7&K7","83.984","84.379"," 394.3","83.934","84.225"," 290.2","-174.9"," -49.9","  75.1","-279.0","-154.0"," -29.0","N/A"," 658.2","-468.7"," 468.7"," 375.0"," 375.0"," 189.7"," 497.8","N/A"," 283.2"," 0.000"
"/Principal/BANK_502/DDR_DQS0_P","Pass","Write slot1","U1.H24&G25","U2.C7&B7","/Principal/BANK_502/DDR_CLK_P","U1.R21&P21","U2.J7&K7","85.859","86.254"," 394.3","85.809","86.100"," 290.3","-175.1"," -50.1","  74.9","-279.2","-154.2"," -29.2","N/A"," 658.2","-468.7"," 468.7"," 375.0"," 375.0"," 189.5"," 498.0","N/A"," 283.2"," 0.000"
"/Principal/BANK_502/DDR_DQS0_P","Pass","Write slot1","U1.H24&G25","U2.C7&B7","/Principal/BANK_502/DDR_CLK_P","U1.R21&P21","U2.J7&K7","87.734","88.129"," 394.3","87.684","87.975"," 290.3","-175.1"," -50.1","  74.9","-279.2","-154.2"," -29.2","N/A"," 658.4","-468.7"," 468.7"," 375.0"," 375.0"," 189.5"," 498.0","N/A"," 283.4"," 0.000"
"/Principal/BANK_502/DDR_DQS0_P","Pass","Write slot1","U1.H24&G25","U2.C7&B7","/Principal/BANK_502/DDR_CLK_P","U1.R21&P21","U2.J7&K7","89.609","90.004"," 394.3","89.559","89.850"," 290.3","-175.0"," -50.0","  75.0","-279.0","-154.0"," -29.0","N/A"," 658.4","-468.7"," 468.7"," 375.0"," 375.0"," 189.7"," 497.8","N/A"," 283.4"," 0.000"
"/Principal/BANK_502/DDR_DQS0_P","Pass","Write slot1","U1.H24&G25","U2.C7&B7","/Principal/BANK_502/DDR_CLK_P","U1.R21&P21","U2.J7&K7","91.484","91.879"," 394.3","91.434","91.725"," 290.2","-175.0"," -50.0","  75.0","-279.0","-154.0"," -29.0","N/A"," 658.2","-468.7"," 468.7"," 375.0"," 375.0"," 189.7"," 497.8","N/A"," 283.2"," 0.000"
"/Principal/BANK_502/DDR_DQS0_P","Pass","Write slot1","U1.H24&G25","U2.C7&B7","/Principal/BANK_502/DDR_CLK_P","U1.R21&P21","U2.J7&K7","93.359","93.754"," 394.3","93.309","93.599"," 290.3","-175.4"," -50.4","  74.6","-279.4","-154.4"," -29.4","N/A"," 658.0","-468.7"," 468.7"," 375.0"," 375.0"," 189.4"," 498.1","N/A"," 283.0"," 0.000"
"/Principal/BANK_502/DDR_DQS0_P","Pass","Write slot1","U1.H24&G25","U2.C7&B7","/Principal/BANK_502/DDR_CLK_P","U1.R21&P21","U2.J7&K7","95.234","95.629"," 394.3","95.184","95.475"," 290.2","-175.1"," -50.1","  74.9","-279.2","-154.2"," -29.2","N/A"," 658.2","-468.7"," 468.7"," 375.0"," 375.0"," 189.5"," 498.0","N/A"," 283.2"," 0.000"
"/Principal/BANK_502/DDR_DQS0_P","Pass","Write slot1","U1.H24&G25","U2.C7&B7","/Principal/BANK_502/DDR_CLK_P","U1.R21&P21","U2.J7&K7","97.109","97.504"," 394.3","97.059","97.350"," 290.2","-175.1"," -50.1","  74.9","-279.2","-154.2"," -29.2","N/A"," 658.2","-468.7"," 468.7"," 375.0"," 375.0"," 189.6"," 497.9","N/A"," 283.2"," 0.000"
"/Principal/BANK_502/DDR_DQS0_P","Pass","Write slot1","U1.H24&G25","U2.C7&B7","/Principal/BANK_502/DDR_CLK_P","U1.R21&P21","U2.J7&K7","98.984","99.379"," 394.3","98.934","99.224"," 290.3","-175.4"," -50.4","  74.6","-279.3","-154.3"," -29.3","N/A"," 658.0","-468.7"," 468.7"," 375.0"," 375.0"," 189.4"," 498.1","N/A"," 283.0"," 0.000"
"/Principal/BANK_502/DDR_DQS0_P","Pass","Write slot1","U1.H24&G25","U2.C7&B7","/Principal/BANK_502/DDR_CLK_P","U1.R21&P21","U2.J7&K7","100.859","101.254"," 394.3","100.809","101.100"," 290.2","-175.1"," -50.1","  74.9","-279.2","-154.2"," -29.2","N/A"," 658.2","-468.7"," 468.7"," 375.0"," 375.0"," 189.6"," 497.9","N/A"," 283.2"," 0.000"
"/Principal/BANK_502/DDR_DQS0_P","Pass","Write slot1","U1.H24&G25","U2.C7&B7","/Principal/BANK_502/DDR_CLK_P","U1.R21&P21","U2.J7&K7","102.734","103.129"," 394.3","102.684","102.975"," 290.3","-175.1"," -50.1","  74.9","-279.2","-154.2"," -29.2","N/A"," 658.2","-468.7"," 468.7"," 375.0"," 375.0"," 189.6"," 497.9","N/A"," 283.2"," 0.000"
"/Principal/BANK_502/DDR_DQS0_P","Pass","Write slot1","U1.H24&G25","U2.C7&B7","/Principal/BANK_502/DDR_CLK_P","U1.R21&P21","U2.J7&K7","104.609","105.004"," 394.3","104.559","104.849"," 290.4","-175.4"," -50.4","  74.6","-279.3","-154.3"," -29.3","N/A"," 658.2","-468.7"," 468.7"," 375.0"," 375.0"," 189.4"," 498.1","N/A"," 283.2"," 0.000"
"/Principal/BANK_502/DDR_DQS0_P","Pass","Write slot1","U1.H24&G25","U2.C7&B7","/Principal/BANK_502/DDR_CLK_P","U1.R21&P21","U2.J7&K7","106.484","106.879"," 394.3","106.434","106.725"," 290.3","-175.2"," -50.2","  74.8","-279.2","-154.2"," -29.2","N/A"," 658.2","-468.7"," 468.7"," 375.0"," 375.0"," 189.6"," 497.9","N/A"," 283.2"," 0.000"
"/Principal/BANK_502/DDR_DQS0_P","Pass","Write slot1","U1.H24&G25","U2.C7&B7","/Principal/BANK_502/DDR_CLK_P","U1.R21&P21","U2.J7&K7","108.359","108.754"," 394.3","108.309","108.600"," 290.3","-175.2"," -50.2","  74.8","-279.2","-154.2"," -29.2","N/A"," 658.2","-468.7"," 468.7"," 375.0"," 375.0"," 189.6"," 497.9","N/A"," 283.2"," 0.000"
"/Principal/BANK_502/DDR_DQS0_P","Pass","Write slot1","U1.H24&G25","U2.C7&B7","/Principal/BANK_502/DDR_CLK_P","U1.R21&P21","U2.J7&K7","110.234","110.629"," 394.3","110.185","110.475"," 290.2","-174.9"," -49.9","  75.1","-279.0","-154.0"," -29.0","N/A"," 658.2","-468.7"," 468.7"," 375.0"," 375.0"," 189.8"," 497.7","N/A"," 283.2"," 0.000"
"/Principal/BANK_502/DDR_DQS0_P","Pass","Write slot1","U1.H24&G25","U2.C7&B7","/Principal/BANK_502/DDR_CLK_P","U1.R21&P21","U2.J7&K7","112.109","112.504"," 394.3","112.059","112.349"," 290.4","-175.4"," -50.4","  74.6","-279.3","-154.3"," -29.3","N/A"," 658.2","-468.7"," 468.7"," 375.0"," 375.0"," 189.4"," 498.1","N/A"," 283.2"," 0.000"
"/Principal/BANK_502/DDR_DQS0_P","Pass","Write slot1","U1.H24&G25","U2.C7&B7","/Principal/BANK_502/DDR_CLK_P","U1.R21&P21","U2.J7&K7","113.984","114.379"," 394.3","113.934","114.225"," 290.2","-175.0"," -50.0","  75.0","-279.0","-154.0"," -29.0","N/A"," 658.4","-468.7"," 468.7"," 375.0"," 375.0"," 189.7"," 497.8","N/A"," 283.4"," 0.000"
"/Principal/BANK_502/DDR_DQS0_P","Pass","Write slot1","U1.H24&G25","U2.C7&B7","/Principal/BANK_502/DDR_CLK_P","U1.R21&P21","U2.J7&K7","115.859","116.254"," 394.3","115.809","116.100"," 290.3","-175.0"," -50.0","  75.0","-279.0","-154.0"," -29.0","N/A"," 658.5","-468.7"," 468.7"," 375.0"," 375.0"," 189.7"," 497.8","N/A"," 283.5"," 0.000"
"/Principal/BANK_502/DDR_DQS0_P","Pass","Write slot1","U1.H24&G25","U2.C7&B7","/Principal/BANK_502/DDR_CLK_P","U1.R21&P21","U2.J7&K7","117.734","118.129"," 394.3","117.684","117.975"," 290.3","-175.2"," -50.2","  74.8","-279.2","-154.2"," -29.2","N/A"," 658.3","-468.7"," 468.7"," 375.0"," 375.0"," 189.6"," 497.9","N/A"," 283.3"," 0.000"
"/Principal/BANK_502/DDR_DQS0_P","Pass","Write slot1","U1.H24&G25","U2.C7&B7","/Principal/BANK_502/DDR_CLK_P","U1.R21&P21","U2.J7&K7","119.609","120.004"," 394.3","119.560","119.850"," 290.2","-175.0"," -50.0","  75.0","-279.0","-154.0"," -29.0","N/A"," 658.4","-468.7"," 468.7"," 375.0"," 375.0"," 189.8"," 497.7","N/A"," 283.4"," 0.000"
"/Principal/BANK_502/DDR_DQS0_P","Pass","Write slot1","U1.H24&G25","U2.C7&B7","/Principal/BANK_502/DDR_CLK_P","U1.R21&P21","U2.J7&K7","121.484","121.879"," 394.3","121.434","121.725"," 290.3","-175.2"," -50.2","  74.8","-279.1","-154.1"," -29.1","N/A"," 658.3","-468.7"," 468.7"," 375.0"," 375.0"," 189.6"," 497.9","N/A"," 283.3"," 0.000"
"/Principal/BANK_502/DDR_DQS1_P","Pass","Write slot1","U1.L24&L25","U2.F3&G3","/Principal/BANK_502/DDR_CLK_P","U1.R21&P21","U2.J7&K7"," 3.353"," 3.755"," 401.6"," 3.321"," 3.572"," 251.4","-157.5"," -32.5","  92.5","-307.7","-182.7"," -57.7","N/A"," 629.2","-468.7"," 468.7"," 375.0"," 375.0"," 161.1"," 526.4","N/A"," 254.2"," 0.000"
"/Principal/BANK_502/DDR_DQS1_P","Pass","Write slot1","U1.L24&L25","U2.F3&G3","/Principal/BANK_502/DDR_CLK_P","U1.R21&P21","U2.J7&K7"," 5.233"," 5.629"," 396.5"," 5.196"," 5.447"," 251.3","-162.4"," -37.4","  87.6","-307.6","-182.6"," -57.6","N/A"," 629.5","-468.7"," 468.7"," 375.0"," 375.0"," 161.2"," 526.3","N/A"," 254.5"," 0.000"
"/Principal/BANK_502/DDR_DQS1_P","Pass","Write slot1","U1.L24&L25","U2.F3&G3","/Principal/BANK_502/DDR_CLK_P","U1.R21&P21","U2.J7&K7"," 7.109"," 7.504"," 395.3"," 7.071"," 7.322"," 251.3","-163.0"," -38.0","  87.0","-307.0","-182.0"," -57.0","N/A"," 630.1","-468.7"," 468.7"," 375.0"," 375.0"," 161.7"," 525.8","N/A"," 255.1"," 0.000"
"/Principal/BANK_502/DDR_DQS1_P","Pass","Write slot1","U1.L24&L25","U2.F3&G3","/Principal/BANK_502/DDR_CLK_P","U1.R21&P21","U2.J7&K7"," 8.983"," 9.379"," 395.3"," 8.946"," 9.197"," 251.2","-162.9"," -37.9","  87.1","-306.9","-181.9"," -56.9","N/A"," 630.3","-468.7"," 468.7"," 375.0"," 375.0"," 161.9"," 525.6","N/A"," 255.3"," 0.000"
"/Principal/BANK_502/DDR_DQS1_P","Pass","Write slot1","U1.L24&L25","U2.F3&G3","/Principal/BANK_502/DDR_CLK_P","U1.R21&P21","U2.J7&K7","10.859","11.254"," 395.2","10.821","11.072"," 251.2","-162.9"," -37.9","  87.1","-306.9","-181.9"," -56.9","N/A"," 630.3","-468.7"," 468.7"," 375.0"," 375.0"," 161.9"," 525.6","N/A"," 255.3"," 0.000"
"/Principal/BANK_502/DDR_DQS1_P","Pass","Write slot1","U1.L24&L25","U2.F3&G3","/Principal/BANK_502/DDR_CLK_P","U1.R21&P21","U2.J7&K7","12.734","13.129"," 395.1","12.696","12.947"," 251.2","-163.0"," -38.0","  87.0","-306.9","-181.9"," -56.9","N/A"," 630.3","-468.7"," 468.7"," 375.0"," 375.0"," 161.9"," 525.6","N/A"," 255.3"," 0.000"
"/Principal/BANK_502/DDR_DQS1_P","Pass","Write slot1","U1.L24&L25","U2.F3&G3","/Principal/BANK_502/DDR_CLK_P","U1.R21&P21","U2.J7&K7","14.609","15.004"," 395.0","14.571","14.822"," 251.2","-163.0"," -38.0","  87.0","-306.8","-181.8"," -56.8","N/A"," 630.4","-468.7"," 468.7"," 375.0"," 375.0"," 161.9"," 525.6","N/A"," 255.4"," 0.000"
"/Principal/BANK_502/DDR_DQS1_P","Pass","Write slot1","U1.L24&L25","U2.F3&G3","/Principal/BANK_502/DDR_CLK_P","U1.R21&P21","U2.J7&K7","16.484","16.879"," 394.9","16.446","16.697"," 251.2","-163.1"," -38.1","  86.9","-306.9","-181.9"," -56.9","N/A"," 630.4","-468.7"," 468.7"," 375.0"," 375.0"," 161.9"," 525.6","N/A"," 255.4"," 0.000"
"/Principal/BANK_502/DDR_DQS1_P","Pass","Write slot1","U1.L24&L25","U2.F3&G3","/Principal/BANK_502/DDR_CLK_P","U1.R21&P21","U2.J7&K7","18.359","18.754"," 394.8","18.321","18.572"," 251.2","-163.2"," -38.2","  86.8","-306.9","-181.9"," -56.9","N/A"," 630.4","-468.7"," 468.7"," 375.0"," 375.0"," 161.9"," 525.6","N/A"," 255.4"," 0.000"
"/Principal/BANK_502/DDR_DQS1_P","Pass","Write slot1","U1.L24&L25","U2.F3&G3","/Principal/BANK_502/DDR_CLK_P","U1.R21&P21","U2.J7&K7","20.234","20.629"," 394.8","20.196","20.447"," 251.2","-163.2"," -38.2","  86.8","-306.9","-181.9"," -56.9","N/A"," 630.4","-468.7"," 468.7"," 375.0"," 375.0"," 161.9"," 525.6","N/A"," 255.4"," 0.000"
"/Principal/BANK_502/DDR_DQS1_P","Pass","Write slot1","U1.L24&L25","U2.F3&G3","/Principal/BANK_502/DDR_CLK_P","U1.R21&P21","U2.J7&K7","22.109","22.504"," 394.8","22.071","22.322"," 251.2","-163.3"," -38.3","  86.7","-306.9","-181.9"," -56.9","N/A"," 630.4","-468.7"," 468.7"," 375.0"," 375.0"," 161.9"," 525.6","N/A"," 255.4"," 0.000"
"/Principal/BANK_502/DDR_DQS1_P","Pass","Write slot1","U1.L24&L25","U2.F3&G3","/Principal/BANK_502/DDR_CLK_P","U1.R21&P21","U2.J7&K7","23.984","24.379"," 394.7","23.946","24.197"," 251.2","-163.3"," -38.3","  86.7","-306.9","-181.9"," -56.9","N/A"," 630.4","-468.7"," 468.7"," 375.0"," 375.0"," 161.9"," 525.6","N/A"," 255.4"," 0.000"
"/Principal/BANK_502/DDR_DQS1_P","Pass","Write slot1","U1.L24&L25","U2.F3&G3","/Principal/BANK_502/DDR_CLK_P","U1.R21&P21","U2.J7&K7","25.859","26.254"," 394.7","25.821","26.072"," 251.1","-163.3"," -38.3","  86.7","-306.8","-181.8"," -56.8","N/A"," 630.4","-468.7"," 468.7"," 375.0"," 375.0"," 161.9"," 525.6","N/A"," 255.4"," 0.000"
"/Principal/BANK_502/DDR_DQS1_P","Pass","Write slot1","U1.L24&L25","U2.F3&G3","/Principal/BANK_502/DDR_CLK_P","U1.R21&P21","U2.J7&K7","27.734","28.129"," 394.7","27.696","27.947"," 251.1","-163.4"," -38.4","  86.6","-306.9","-181.9"," -56.9","N/A"," 630.4","-468.7"," 468.7"," 375.0"," 375.0"," 161.9"," 525.6","N/A"," 255.4"," 0.000"
"/Principal/BANK_502/DDR_DQS1_P","Pass","Write slot1","U1.L24&L25","U2.F3&G3","/Principal/BANK_502/DDR_CLK_P","U1.R21&P21","U2.J7&K7","29.609","30.004"," 394.6","29.571","29.822"," 251.1","-163.4"," -38.4","  86.6","-306.9","-181.9"," -56.9","N/A"," 630.4","-468.7"," 468.7"," 375.0"," 375.0"," 161.9"," 525.6","N/A"," 255.4"," 0.000"
"/Principal/BANK_502/DDR_DQS1_P","Pass","Write slot1","U1.L24&L25","U2.F3&G3","/Principal/BANK_502/DDR_CLK_P","U1.R21&P21","U2.J7&K7","31.484","31.879"," 394.6","31.446","31.697"," 251.1","-163.4"," -38.4","  86.6","-306.9","-181.9"," -56.9","N/A"," 630.4","-468.7"," 468.7"," 375.0"," 375.0"," 161.9"," 525.6","N/A"," 255.4"," 0.000"
"/Principal/BANK_502/DDR_DQS1_P","Pass","Write slot1","U1.L24&L25","U2.F3&G3","/Principal/BANK_502/DDR_CLK_P","U1.R21&P21","U2.J7&K7","33.359","33.754"," 394.6","33.321","33.572"," 251.1","-163.4"," -38.4","  86.6","-306.9","-181.9"," -56.9","N/A"," 630.4","-468.7"," 468.7"," 375.0"," 375.0"," 161.9"," 525.6","N/A"," 255.4"," 0.000"
"/Principal/BANK_502/DDR_DQS1_P","Pass","Write slot1","U1.L24&L25","U2.F3&G3","/Principal/BANK_502/DDR_CLK_P","U1.R21&P21","U2.J7&K7","35.234","35.629"," 394.6","35.196","35.447"," 251.1","-163.4"," -38.4","  86.6","-306.9","-181.9"," -56.9","N/A"," 630.4","-468.7"," 468.7"," 375.0"," 375.0"," 161.9"," 525.6","N/A"," 255.4"," 0.000"
"/Principal/BANK_502/DDR_DQS1_P","Pass","Write slot1","U1.L24&L25","U2.F3&G3","/Principal/BANK_502/DDR_CLK_P","U1.R21&P21","U2.J7&K7","37.109","37.504"," 394.5","37.071","37.322"," 251.1","-163.5"," -38.5","  86.5","-307.0","-182.0"," -57.0","N/A"," 630.3","-468.7"," 468.7"," 375.0"," 375.0"," 161.8"," 525.7","N/A"," 255.3"," 0.000"
"/Principal/BANK_502/DDR_DQS1_P","Pass","Write slot1","U1.L24&L25","U2.F3&G3","/Principal/BANK_502/DDR_CLK_P","U1.R21&P21","U2.J7&K7","38.984","39.379"," 394.5","38.946","39.197"," 251.1","-163.5"," -38.5","  86.5","-307.0","-182.0"," -57.0","N/A"," 630.3","-468.7"," 468.7"," 375.0"," 375.0"," 161.8"," 525.7","N/A"," 255.3"," 0.000"
"/Principal/BANK_502/DDR_DQS1_P","Pass","Write slot1","U1.L24&L25","U2.F3&G3","/Principal/BANK_502/DDR_CLK_P","U1.R21&P21","U2.J7&K7","40.859","41.254"," 394.5","40.821","41.072"," 251.1","-163.5"," -38.5","  86.5","-307.0","-182.0"," -57.0","N/A"," 630.3","-468.7"," 468.7"," 375.0"," 375.0"," 161.8"," 525.7","N/A"," 255.3"," 0.000"
"/Principal/BANK_502/DDR_DQS1_P","Pass","Write slot1","U1.L24&L25","U2.F3&G3","/Principal/BANK_502/DDR_CLK_P","U1.R21&P21","U2.J7&K7","42.734","43.129"," 394.5","42.696","42.947"," 251.1","-163.5"," -38.5","  86.5","-307.0","-182.0"," -57.0","N/A"," 630.3","-468.7"," 468.7"," 375.0"," 375.0"," 161.8"," 525.7","N/A"," 255.3"," 0.000"
"/Principal/BANK_502/DDR_DQS1_P","Pass","Write slot1","U1.L24&L25","U2.F3&G3","/Principal/BANK_502/DDR_CLK_P","U1.R21&P21","U2.J7&K7","44.609","45.004"," 394.5","44.571","44.822"," 251.1","-163.6"," -38.6","  86.4","-307.0","-182.0"," -57.0","N/A"," 630.3","-468.7"," 468.7"," 375.0"," 375.0"," 161.8"," 525.7","N/A"," 255.3"," 0.000"
"/Principal/BANK_502/DDR_DQS1_P","Pass","Write slot1","U1.L24&L25","U2.F3&G3","/Principal/BANK_502/DDR_CLK_P","U1.R21&P21","U2.J7&K7","46.484","46.879"," 394.5","46.446","46.697"," 251.1","-163.6"," -38.6","  86.4","-307.0","-182.0"," -57.0","N/A"," 630.3","-468.7"," 468.7"," 375.0"," 375.0"," 161.8"," 525.7","N/A"," 255.3"," 0.000"
"/Principal/BANK_502/DDR_DQS1_P","Pass","Write slot1","U1.L24&L25","U2.F3&G3","/Principal/BANK_502/DDR_CLK_P","U1.R21&P21","U2.J7&K7","48.359","48.754"," 394.5","48.321","48.572"," 251.1","-163.6"," -38.6","  86.4","-307.0","-182.0"," -57.0","N/A"," 630.3","-468.7"," 468.7"," 375.0"," 375.0"," 161.8"," 525.7","N/A"," 255.3"," 0.000"
"/Principal/BANK_502/DDR_DQS1_P","Pass","Write slot1","U1.L24&L25","U2.F3&G3","/Principal/BANK_502/DDR_CLK_P","U1.R21&P21","U2.J7&K7","50.234","50.629"," 394.5","50.196","50.447"," 251.1","-163.6"," -38.6","  86.4","-307.0","-182.0"," -57.0","N/A"," 630.3","-468.7"," 468.7"," 375.0"," 375.0"," 161.8"," 525.7","N/A"," 255.3"," 0.000"
"/Principal/BANK_502/DDR_DQS1_P","Pass","Write slot1","U1.L24&L25","U2.F3&G3","/Principal/BANK_502/DDR_CLK_P","U1.R21&P21","U2.J7&K7","52.109","52.504"," 394.5","52.071","52.322"," 251.1","-163.6"," -38.6","  86.4","-307.0","-182.0"," -57.0","N/A"," 630.3","-468.7"," 468.7"," 375.0"," 375.0"," 161.8"," 525.7","N/A"," 255.3"," 0.000"
"/Principal/BANK_502/DDR_DQS1_P","Pass","Write slot1","U1.L24&L25","U2.F3&G3","/Principal/BANK_502/DDR_CLK_P","U1.R21&P21","U2.J7&K7","53.984","54.379"," 394.5","53.946","54.197"," 251.1","-163.6"," -38.6","  86.4","-307.0","-182.0"," -57.0","N/A"," 630.3","-468.7"," 468.7"," 375.0"," 375.0"," 161.8"," 525.7","N/A"," 255.3"," 0.000"
"/Principal/BANK_502/DDR_DQS1_P","Pass","Write slot1","U1.L24&L25","U2.F3&G3","/Principal/BANK_502/DDR_CLK_P","U1.R21&P21","U2.J7&K7","55.859","56.254"," 394.4","55.821","56.072"," 251.1","-163.6"," -38.6","  86.4","-307.0","-182.0"," -57.0","N/A"," 630.3","-468.7"," 468.7"," 375.0"," 375.0"," 161.8"," 525.7","N/A"," 255.3"," 0.000"
"/Principal/BANK_502/DDR_DQS1_P","Pass","Write slot1","U1.L24&L25","U2.F3&G3","/Principal/BANK_502/DDR_CLK_P","U1.R21&P21","U2.J7&K7","57.734","58.129"," 394.4","57.696","57.947"," 251.1","-163.6"," -38.6","  86.4","-306.9","-181.9"," -56.9","N/A"," 630.3","-468.7"," 468.7"," 375.0"," 375.0"," 161.8"," 525.7","N/A"," 255.3"," 0.000"
"/Principal/BANK_502/DDR_DQS1_P","Pass","Write slot1","U1.L24&L25","U2.F3&G3","/Principal/BANK_502/DDR_CLK_P","U1.R21&P21","U2.J7&K7","59.609","60.004"," 394.4","59.571","59.822"," 251.1","-163.6"," -38.6","  86.4","-307.0","-182.0"," -57.0","N/A"," 630.3","-468.7"," 468.7"," 375.0"," 375.0"," 161.8"," 525.7","N/A"," 255.3"," 0.000"
"/Principal/BANK_502/DDR_DQS1_P","Pass","Write slot1","U1.L24&L25","U2.F3&G3","/Principal/BANK_502/DDR_CLK_P","U1.R21&P21","U2.J7&K7","61.484","61.879"," 394.4","61.446","61.697"," 251.1","-163.6"," -38.6","  86.4","-306.9","-181.9"," -56.9","N/A"," 630.3","-468.7"," 468.7"," 375.0"," 375.0"," 161.8"," 525.7","N/A"," 255.3"," 0.000"
"/Principal/BANK_502/DDR_DQS1_P","Pass","Write slot1","U1.L24&L25","U2.F3&G3","/Principal/BANK_502/DDR_CLK_P","U1.R21&P21","U2.J7&K7","63.359","63.754"," 394.4","63.321","63.572"," 251.1","-163.6"," -38.6","  86.4","-306.9","-181.9"," -56.9","N/A"," 630.3","-468.7"," 468.7"," 375.0"," 375.0"," 161.8"," 525.7","N/A"," 255.3"," 0.000"
"/Principal/BANK_502/DDR_DQS1_P","Pass","Write slot1","U1.L24&L25","U2.F3&G3","/Principal/BANK_502/DDR_CLK_P","U1.R21&P21","U2.J7&K7","65.234","65.629"," 394.4","65.196","65.447"," 251.1","-163.6"," -38.6","  86.4","-306.9","-181.9"," -56.9","N/A"," 630.4","-468.7"," 468.7"," 375.0"," 375.0"," 161.8"," 525.7","N/A"," 255.4"," 0.000"
"/Principal/BANK_502/DDR_DQS1_P","Pass","Write slot1","U1.L24&L25","U2.F3&G3","/Principal/BANK_502/DDR_CLK_P","U1.R21&P21","U2.J7&K7","67.109","67.504"," 394.4","67.071","67.322"," 251.1","-163.6"," -38.6","  86.4","-306.9","-181.9"," -56.9","N/A"," 630.4","-468.7"," 468.7"," 375.0"," 375.0"," 161.8"," 525.7","N/A"," 255.4"," 0.000"
"/Principal/BANK_502/DDR_DQS1_P","Pass","Write slot1","U1.L24&L25","U2.F3&G3","/Principal/BANK_502/DDR_CLK_P","U1.R21&P21","U2.J7&K7","68.984","69.379"," 394.4","68.946","69.197"," 251.1","-163.6"," -38.6","  86.4","-306.9","-181.9"," -56.9","N/A"," 630.4","-468.7"," 468.7"," 375.0"," 375.0"," 161.8"," 525.7","N/A"," 255.4"," 0.000"
"/Principal/BANK_502/DDR_DQS1_P","Pass","Write slot1","U1.L24&L25","U2.F3&G3","/Principal/BANK_502/DDR_CLK_P","U1.R21&P21","U2.J7&K7","70.859","71.254"," 394.4","70.821","71.072"," 251.1","-163.6"," -38.6","  86.4","-306.9","-181.9"," -56.9","N/A"," 630.4","-468.7"," 468.7"," 375.0"," 375.0"," 161.8"," 525.7","N/A"," 255.4"," 0.000"
"/Principal/BANK_502/DDR_DQS1_P","Pass","Write slot1","U1.L24&L25","U2.F3&G3","/Principal/BANK_502/DDR_CLK_P","U1.R21&P21","U2.J7&K7","72.734","73.129"," 394.4","72.696","72.947"," 251.1","-163.6"," -38.6","  86.4","-306.9","-181.9"," -56.9","N/A"," 630.4","-468.7"," 468.7"," 375.0"," 375.0"," 161.8"," 525.7","N/A"," 255.4"," 0.000"
"/Principal/BANK_502/DDR_DQS1_P","Pass","Write slot1","U1.L24&L25","U2.F3&G3","/Principal/BANK_502/DDR_CLK_P","U1.R21&P21","U2.J7&K7","74.609","75.004"," 394.4","74.571","74.822"," 251.1","-163.6"," -38.6","  86.4","-306.9","-181.9"," -56.9","N/A"," 630.4","-468.7"," 468.7"," 375.0"," 375.0"," 161.9"," 525.6","N/A"," 255.4"," 0.000"
"/Principal/BANK_502/DDR_DQS1_P","Pass","Write slot1","U1.L24&L25","U2.F3&G3","/Principal/BANK_502/DDR_CLK_P","U1.R21&P21","U2.J7&K7","76.484","76.879"," 394.4","76.446","76.697"," 251.1","-163.6"," -38.6","  86.4","-306.9","-181.9"," -56.9","N/A"," 630.4","-468.7"," 468.7"," 375.0"," 375.0"," 161.8"," 525.7","N/A"," 255.4"," 0.000"
"/Principal/BANK_502/DDR_DQS1_P","Pass","Write slot1","U1.L24&L25","U2.F3&G3","/Principal/BANK_502/DDR_CLK_P","U1.R21&P21","U2.J7&K7","78.359","78.754"," 394.4","78.321","78.572"," 251.1","-163.6"," -38.6","  86.4","-306.9","-181.9"," -56.9","N/A"," 630.4","-468.7"," 468.7"," 375.0"," 375.0"," 161.9"," 525.6","N/A"," 255.4"," 0.000"
"/Principal/BANK_502/DDR_DQS1_P","Pass","Write slot1","U1.L24&L25","U2.F3&G3","/Principal/BANK_502/DDR_CLK_P","U1.R21&P21","U2.J7&K7","80.234","80.629"," 394.3","80.196","80.447"," 251.0","-163.7"," -38.7","  86.3","-307.0","-182.0"," -57.0","N/A"," 630.3","-468.7"," 468.7"," 375.0"," 375.0"," 161.7"," 525.8","N/A"," 255.3"," 0.000"
"/Principal/BANK_502/DDR_DQS1_P","Pass","Write slot1","U1.L24&L25","U2.F3&G3","/Principal/BANK_502/DDR_CLK_P","U1.R21&P21","U2.J7&K7","82.109","82.504"," 394.4","82.071","82.322"," 251.0","-163.7"," -38.7","  86.3","-307.0","-182.0"," -57.0","N/A"," 630.3","-468.7"," 468.7"," 375.0"," 375.0"," 161.7"," 525.8","N/A"," 255.3"," 0.000"
"/Principal/BANK_502/DDR_DQS1_P","Pass","Write slot1","U1.L24&L25","U2.F3&G3","/Principal/BANK_502/DDR_CLK_P","U1.R21&P21","U2.J7&K7","83.984","84.379"," 394.3","83.946","84.197"," 251.0","-163.7"," -38.7","  86.3","-307.0","-182.0"," -57.0","N/A"," 630.3","-468.7"," 468.7"," 375.0"," 375.0"," 161.7"," 525.8","N/A"," 255.3"," 0.000"
"/Principal/BANK_502/DDR_DQS1_P","Pass","Write slot1","U1.L24&L25","U2.F3&G3","/Principal/BANK_502/DDR_CLK_P","U1.R21&P21","U2.J7&K7","85.859","86.254"," 394.3","85.821","86.072"," 251.0","-163.7"," -38.7","  86.3","-307.0","-182.0"," -57.0","N/A"," 630.3","-468.7"," 468.7"," 375.0"," 375.0"," 161.7"," 525.8","N/A"," 255.3"," 0.000"
"/Principal/BANK_502/DDR_DQS1_P","Pass","Write slot1","U1.L24&L25","U2.F3&G3","/Principal/BANK_502/DDR_CLK_P","U1.R21&P21","U2.J7&K7","87.734","88.129"," 394.3","87.696","87.947"," 251.0","-163.7"," -38.7","  86.3","-307.0","-182.0"," -57.0","N/A"," 630.3","-468.7"," 468.7"," 375.0"," 375.0"," 161.7"," 525.8","N/A"," 255.3"," 0.000"
"/Principal/BANK_502/DDR_DQS1_P","Pass","Write slot1","U1.L24&L25","U2.F3&G3","/Principal/BANK_502/DDR_CLK_P","U1.R21&P21","U2.J7&K7","89.609","90.004"," 394.3","89.571","89.822"," 251.0","-163.7"," -38.7","  86.3","-307.0","-182.0"," -57.0","N/A"," 630.3","-468.7"," 468.7"," 375.0"," 375.0"," 161.8"," 525.7","N/A"," 255.3"," 0.000"
"/Principal/BANK_502/DDR_DQS1_P","Pass","Write slot1","U1.L24&L25","U2.F3&G3","/Principal/BANK_502/DDR_CLK_P","U1.R21&P21","U2.J7&K7","91.484","91.879"," 394.3","91.446","91.697"," 251.0","-163.7"," -38.7","  86.3","-307.0","-182.0"," -57.0","N/A"," 630.3","-468.7"," 468.7"," 375.0"," 375.0"," 161.7"," 525.8","N/A"," 255.3"," 0.000"
"/Principal/BANK_502/DDR_DQS1_P","Pass","Write slot1","U1.L24&L25","U2.F3&G3","/Principal/BANK_502/DDR_CLK_P","U1.R21&P21","U2.J7&K7","93.359","93.754"," 394.3","93.321","93.572"," 251.0","-163.7"," -38.7","  86.3","-307.0","-182.0"," -57.0","N/A"," 630.3","-468.7"," 468.7"," 375.0"," 375.0"," 161.8"," 525.7","N/A"," 255.3"," 0.000"
"/Principal/BANK_502/DDR_DQS1_P","Pass","Write slot1","U1.L24&L25","U2.F3&G3","/Principal/BANK_502/DDR_CLK_P","U1.R21&P21","U2.J7&K7","95.234","95.629"," 394.3","95.196","95.447"," 251.1","-163.8"," -38.8","  86.2","-307.0","-182.0"," -57.0","N/A"," 630.3","-468.7"," 468.7"," 375.0"," 375.0"," 161.7"," 525.8","N/A"," 255.3"," 0.000"
"/Principal/BANK_502/DDR_DQS1_P","Pass","Write slot1","U1.L24&L25","U2.F3&G3","/Principal/BANK_502/DDR_CLK_P","U1.R21&P21","U2.J7&K7","97.109","97.504"," 394.3","97.071","97.322"," 251.0","-163.7"," -38.7","  86.3","-307.0","-182.0"," -57.0","N/A"," 630.3","-468.7"," 468.7"," 375.0"," 375.0"," 161.8"," 525.7","N/A"," 255.3"," 0.000"
"/Principal/BANK_502/DDR_DQS1_P","Pass","Write slot1","U1.L24&L25","U2.F3&G3","/Principal/BANK_502/DDR_CLK_P","U1.R21&P21","U2.J7&K7","98.984","99.379"," 394.3","98.946","99.197"," 251.0","-163.7"," -38.7","  86.3","-307.0","-182.0"," -57.0","N/A"," 630.3","-468.7"," 468.7"," 375.0"," 375.0"," 161.8"," 525.7","N/A"," 255.3"," 0.000"
"/Principal/BANK_502/DDR_DQS1_P","Pass","Write slot1","U1.L24&L25","U2.F3&G3","/Principal/BANK_502/DDR_CLK_P","U1.R21&P21","U2.J7&K7","100.859","101.254"," 394.3","100.821","101.072"," 251.0","-163.7"," -38.7","  86.3","-307.0","-182.0"," -57.0","N/A"," 630.3","-468.7"," 468.7"," 375.0"," 375.0"," 161.8"," 525.7","N/A"," 255.3"," 0.000"
"/Principal/BANK_502/DDR_DQS1_P","Pass","Write slot1","U1.L24&L25","U2.F3&G3","/Principal/BANK_502/DDR_CLK_P","U1.R21&P21","U2.J7&K7","102.734","103.129"," 394.3","102.696","102.947"," 251.1","-163.7"," -38.7","  86.3","-307.0","-182.0"," -57.0","N/A"," 630.3","-468.7"," 468.7"," 375.0"," 375.0"," 161.8"," 525.7","N/A"," 255.3"," 0.000"
"/Principal/BANK_502/DDR_DQS1_P","Pass","Write slot1","U1.L24&L25","U2.F3&G3","/Principal/BANK_502/DDR_CLK_P","U1.R21&P21","U2.J7&K7","104.609","105.004"," 394.3","104.571","104.822"," 251.1","-163.7"," -38.7","  86.3","-307.0","-182.0"," -57.0","N/A"," 630.3","-468.7"," 468.7"," 375.0"," 375.0"," 161.8"," 525.7","N/A"," 255.3"," 0.000"
"/Principal/BANK_502/DDR_DQS1_P","Pass","Write slot1","U1.L24&L25","U2.F3&G3","/Principal/BANK_502/DDR_CLK_P","U1.R21&P21","U2.J7&K7","106.484","106.879"," 394.3","106.446","106.697"," 251.1","-163.7"," -38.7","  86.3","-307.0","-182.0"," -57.0","N/A"," 630.3","-468.7"," 468.7"," 375.0"," 375.0"," 161.8"," 525.7","N/A"," 255.3"," 0.000"
"/Principal/BANK_502/DDR_DQS1_P","Pass","Write slot1","U1.L24&L25","U2.F3&G3","/Principal/BANK_502/DDR_CLK_P","U1.R21&P21","U2.J7&K7","108.359","108.754"," 394.3","108.321","108.572"," 251.1","-163.7"," -38.7","  86.3","-307.0","-182.0"," -57.0","N/A"," 630.4","-468.7"," 468.7"," 375.0"," 375.0"," 161.8"," 525.7","N/A"," 255.4"," 0.000"
"/Principal/BANK_502/DDR_DQS1_P","Pass","Write slot1","U1.L24&L25","U2.F3&G3","/Principal/BANK_502/DDR_CLK_P","U1.R21&P21","U2.J7&K7","110.234","110.629"," 394.3","110.196","110.447"," 251.1","-163.7"," -38.7","  86.3","-306.9","-181.9"," -56.9","N/A"," 630.4","-468.7"," 468.7"," 375.0"," 375.0"," 161.8"," 525.7","N/A"," 255.4"," 0.000"
"/Principal/BANK_502/DDR_DQS1_P","Pass","Write slot1","U1.L24&L25","U2.F3&G3","/Principal/BANK_502/DDR_CLK_P","U1.R21&P21","U2.J7&K7","112.109","112.504"," 394.3","112.071","112.322"," 251.1","-163.7"," -38.7","  86.3","-306.9","-181.9"," -56.9","N/A"," 630.4","-468.7"," 468.7"," 375.0"," 375.0"," 161.8"," 525.7","N/A"," 255.4"," 0.000"
"/Principal/BANK_502/DDR_DQS1_P","Pass","Write slot1","U1.L24&L25","U2.F3&G3","/Principal/BANK_502/DDR_CLK_P","U1.R21&P21","U2.J7&K7","113.984","114.379"," 394.3","113.946","114.197"," 251.1","-163.7"," -38.7","  86.3","-307.0","-182.0"," -57.0","N/A"," 630.4","-468.7"," 468.7"," 375.0"," 375.0"," 161.8"," 525.7","N/A"," 255.4"," 0.000"
"/Principal/BANK_502/DDR_DQS1_P","Pass","Write slot1","U1.L24&L25","U2.F3&G3","/Principal/BANK_502/DDR_CLK_P","U1.R21&P21","U2.J7&K7","115.859","116.254"," 394.3","115.821","116.072"," 251.1","-163.7"," -38.7","  86.3","-306.9","-181.9"," -56.9","N/A"," 630.4","-468.7"," 468.7"," 375.0"," 375.0"," 161.8"," 525.7","N/A"," 255.4"," 0.000"
"/Principal/BANK_502/DDR_DQS1_P","Pass","Write slot1","U1.L24&L25","U2.F3&G3","/Principal/BANK_502/DDR_CLK_P","U1.R21&P21","U2.J7&K7","117.734","118.129"," 394.3","117.696","117.947"," 251.1","-163.7"," -38.7","  86.3","-306.9","-181.9"," -56.9","N/A"," 630.4","-468.7"," 468.7"," 375.0"," 375.0"," 161.8"," 525.7","N/A"," 255.4"," 0.000"
"/Principal/BANK_502/DDR_DQS1_P","Pass","Write slot1","U1.L24&L25","U2.F3&G3","/Principal/BANK_502/DDR_CLK_P","U1.R21&P21","U2.J7&K7","119.609","120.004"," 394.3","119.571","119.822"," 251.1","-163.8"," -38.8","  86.2","-306.9","-181.9"," -56.9","N/A"," 630.4","-468.7"," 468.7"," 375.0"," 375.0"," 161.8"," 525.7","N/A"," 255.4"," 0.000"
"/Principal/BANK_502/DDR_DQS1_P","Pass","Write slot1","U1.L24&L25","U2.F3&G3","/Principal/BANK_502/DDR_CLK_P","U1.R21&P21","U2.J7&K7","121.484","121.879"," 394.3","121.446","121.697"," 251.1","-163.7"," -38.7","  86.3","-306.9","-181.9"," -56.9","N/A"," 630.4","-468.7"," 468.7"," 375.0"," 375.0"," 161.9"," 525.6","N/A"," 255.4"," 0.000"
"/Principal/BANK_502/DDR_DQS2_P","Pass","Write slot1","U1.P25&R25","U3.C7&B7","/Principal/BANK_502/DDR_CLK_P","U1.R21&P21","U3.J7&K7"," 3.353"," 3.894"," 540.8"," 3.324"," 3.622"," 297.9","-154.3"," -29.3","  95.7","-397.2","-272.2","-147.2","N/A"," 539.6","-468.7"," 468.7"," 375.0"," 375.0","  71.6"," 615.9","N/A"," 164.6"," 0.000"
"/Principal/BANK_502/DDR_DQS2_P","Pass","Write slot1","U1.P25&R25","U3.C7&B7","/Principal/BANK_502/DDR_CLK_P","U1.R21&P21","U3.J7&K7"," 5.233"," 5.770"," 536.6"," 5.199"," 5.496"," 297.8","-159.3"," -34.3","  90.7","-398.1","-273.1","-148.1","N/A"," 538.9","-468.7"," 468.7"," 375.0"," 375.0","  70.7"," 616.8","N/A"," 163.9"," 0.000"
"/Principal/BANK_502/DDR_DQS2_P","Pass","Write slot1","U1.P25&R25","U3.C7&B7","/Principal/BANK_502/DDR_CLK_P","U1.R21&P21","U3.J7&K7"," 7.109"," 7.644"," 535.7"," 7.074"," 7.371"," 297.8","-159.9"," -34.9","  90.1","-397.8","-272.8","-147.8","N/A"," 539.3","-468.7"," 468.7"," 375.0"," 375.0","  70.9"," 616.6","N/A"," 164.3"," 0.000"
"/Principal/BANK_502/DDR_DQS2_P","Pass","Write slot1","U1.P25&R25","U3.C7&B7","/Principal/BANK_502/DDR_CLK_P","U1.R21&P21","U3.J7&K7"," 8.983"," 9.519"," 535.7"," 8.949"," 9.246"," 297.7","-159.7"," -34.7","  90.3","-397.7","-272.7","-147.7","N/A"," 539.5","-468.7"," 468.7"," 375.0"," 375.0","  71.1"," 616.4","N/A"," 164.5"," 0.000"
"/Principal/BANK_502/DDR_DQS2_P","Pass","Write slot1","U1.P25&R25","U3.C7&B7","/Principal/BANK_502/DDR_CLK_P","U1.R21&P21","U3.J7&K7","10.859","11.394"," 535.6","10.824","11.121"," 297.7","-159.8"," -34.8","  90.2","-397.6","-272.6","-147.6","N/A"," 539.5","-468.7"," 468.7"," 375.0"," 375.0","  71.1"," 616.4","N/A"," 164.5"," 0.000"
"/Principal/BANK_502/DDR_DQS2_P","Pass","Write slot1","U1.P25&R25","U3.C7&B7","/Principal/BANK_502/DDR_CLK_P","U1.R21&P21","U3.J7&K7","12.734","13.269"," 535.4","12.699","12.996"," 297.7","-159.9"," -34.9","  90.1","-397.6","-272.6","-147.6","N/A"," 539.6","-468.7"," 468.7"," 375.0"," 375.0","  71.1"," 616.4","N/A"," 164.6"," 0.000"
"/Principal/BANK_502/DDR_DQS2_P","Pass","Write slot1","U1.P25&R25","U3.C7&B7","/Principal/BANK_502/DDR_CLK_P","U1.R21&P21","U3.J7&K7","14.609","15.144"," 535.3","14.574","14.871"," 297.7","-159.9"," -34.9","  90.1","-397.6","-272.6","-147.6","N/A"," 539.6","-468.7"," 468.7"," 375.0"," 375.0","  71.1"," 616.4","N/A"," 164.6"," 0.000"
"/Principal/BANK_502/DDR_DQS2_P","Pass","Write slot1","U1.P25&R25","U3.C7&B7","/Principal/BANK_502/DDR_CLK_P","U1.R21&P21","U3.J7&K7","16.484","17.019"," 535.2","16.449","16.746"," 297.6","-160.0"," -35.0","  90.0","-397.6","-272.6","-147.6","N/A"," 539.6","-468.7"," 468.7"," 375.0"," 375.0","  71.1"," 616.4","N/A"," 164.6"," 0.000"
"/Principal/BANK_502/DDR_DQS2_P","Pass","Write slot1","U1.P25&R25","U3.C7&B7","/Principal/BANK_502/DDR_CLK_P","U1.R21&P21","U3.J7&K7","18.359","18.894"," 535.2","18.324","18.621"," 297.6","-160.1"," -35.1","  89.9","-397.6","-272.6","-147.6","N/A"," 539.6","-468.7"," 468.7"," 375.0"," 375.0","  71.1"," 616.4","N/A"," 164.6"," 0.000"
"/Principal/BANK_502/DDR_DQS2_P","Pass","Write slot1","U1.P25&R25","U3.C7&B7","/Principal/BANK_502/DDR_CLK_P","U1.R21&P21","U3.J7&K7","20.234","20.769"," 535.1","20.199","20.496"," 297.6","-160.1"," -35.1","  89.9","-397.6","-272.6","-147.6","N/A"," 539.7","-468.7"," 468.7"," 375.0"," 375.0","  71.1"," 616.4","N/A"," 164.7"," 0.000"
"/Principal/BANK_502/DDR_DQS2_P","Pass","Write slot1","U1.P25&R25","U3.C7&B7","/Principal/BANK_502/DDR_CLK_P","U1.R21&P21","U3.J7&K7","22.109","22.644"," 535.1","22.074","22.371"," 297.6","-160.2"," -35.2","  89.8","-397.6","-272.6","-147.6","N/A"," 539.7","-468.7"," 468.7"," 375.0"," 375.0","  71.1"," 616.4","N/A"," 164.7"," 0.000"
"/Principal/BANK_502/DDR_DQS2_P","Pass","Write slot1","U1.P25&R25","U3.C7&B7","/Principal/BANK_502/DDR_CLK_P","U1.R21&P21","U3.J7&K7","23.984","24.519"," 535.0","23.949","24.246"," 297.6","-160.2"," -35.2","  89.8","-397.6","-272.6","-147.6","N/A"," 539.7","-468.7"," 468.7"," 375.0"," 375.0","  71.1"," 616.4","N/A"," 164.7"," 0.000"
"/Principal/BANK_502/DDR_DQS2_P","Pass","Write slot1","U1.P25&R25","U3.C7&B7","/Principal/BANK_502/DDR_CLK_P","U1.R21&P21","U3.J7&K7","25.859","26.394"," 535.0","25.824","26.121"," 297.6","-160.2"," -35.2","  89.8","-397.6","-272.6","-147.6","N/A"," 539.7","-468.7"," 468.7"," 375.0"," 375.0","  71.2"," 616.3","N/A"," 164.7"," 0.000"
"/Principal/BANK_502/DDR_DQS2_P","Pass","Write slot1","U1.P25&R25","U3.C7&B7","/Principal/BANK_502/DDR_CLK_P","U1.R21&P21","U3.J7&K7","27.734","28.269"," 534.9","27.699","27.996"," 297.6","-160.3"," -35.3","  89.7","-397.6","-272.6","-147.6","N/A"," 539.7","-468.7"," 468.7"," 375.0"," 375.0","  71.1"," 616.4","N/A"," 164.7"," 0.000"
"/Principal/BANK_502/DDR_DQS2_P","Pass","Write slot1","U1.P25&R25","U3.C7&B7","/Principal/BANK_502/DDR_CLK_P","U1.R21&P21","U3.J7&K7","29.609","30.144"," 534.9","29.574","29.871"," 297.6","-160.3"," -35.3","  89.7","-397.6","-272.6","-147.6","N/A"," 539.7","-468.7"," 468.7"," 375.0"," 375.0","  71.1"," 616.4","N/A"," 164.7"," 0.000"
"/Principal/BANK_502/DDR_DQS2_P","Pass","Write slot1","U1.P25&R25","U3.C7&B7","/Principal/BANK_502/DDR_CLK_P","U1.R21&P21","U3.J7&K7","31.484","32.019"," 534.9","31.449","31.746"," 297.6","-160.3"," -35.3","  89.7","-397.6","-272.6","-147.6","N/A"," 539.7","-468.7"," 468.7"," 375.0"," 375.0","  71.1"," 616.4","N/A"," 164.7"," 0.000"
"/Principal/BANK_502/DDR_DQS2_P","Pass","Write slot1","U1.P25&R25","U3.C7&B7","/Principal/BANK_502/DDR_CLK_P","U1.R21&P21","U3.J7&K7","33.359","33.894"," 534.9","33.324","33.621"," 297.6","-160.3"," -35.3","  89.7","-397.6","-272.6","-147.6","N/A"," 539.7","-468.7"," 468.7"," 375.0"," 375.0","  71.2"," 616.3","N/A"," 164.7"," 0.000"
"/Principal/BANK_502/DDR_DQS2_P","Pass","Write slot1","U1.P25&R25","U3.C7&B7","/Principal/BANK_502/DDR_CLK_P","U1.R21&P21","U3.J7&K7","35.234","35.769"," 534.8","35.199","35.496"," 297.6","-160.3"," -35.3","  89.7","-397.6","-272.6","-147.6","N/A"," 539.7","-468.7"," 468.7"," 375.0"," 375.0","  71.2"," 616.3","N/A"," 164.7"," 0.000"
"/Principal/BANK_502/DDR_DQS2_P","Pass","Write slot1","U1.P25&R25","U3.C7&B7","/Principal/BANK_502/DDR_CLK_P","U1.R21&P21","U3.J7&K7","37.109","37.644"," 534.8","37.074","37.371"," 297.6","-160.4"," -35.4","  89.6","-397.7","-272.7","-147.7","N/A"," 539.7","-468.7"," 468.7"," 375.0"," 375.0","  71.1"," 616.4","N/A"," 164.7"," 0.000"
"/Principal/BANK_502/DDR_DQS2_P","Pass","Write slot1","U1.P25&R25","U3.C7&B7","/Principal/BANK_502/DDR_CLK_P","U1.R21&P21","U3.J7&K7","38.984","39.519"," 534.8","38.949","39.246"," 297.6","-160.4"," -35.4","  89.6","-397.7","-272.7","-147.7","N/A"," 539.7","-468.7"," 468.7"," 375.0"," 375.0","  71.1"," 616.4","N/A"," 164.7"," 0.000"
"/Principal/BANK_502/DDR_DQS2_P","Pass","Write slot1","U1.P25&R25","U3.C7&B7","/Principal/BANK_502/DDR_CLK_P","U1.R21&P21","U3.J7&K7","40.859","41.394"," 534.8","40.824","41.121"," 297.6","-160.4"," -35.4","  89.6","-397.7","-272.7","-147.7","N/A"," 539.7","-468.7"," 468.7"," 375.0"," 375.0","  71.1"," 616.4","N/A"," 164.7"," 0.000"
"/Principal/BANK_502/DDR_DQS2_P","Pass","Write slot1","U1.P25&R25","U3.C7&B7","/Principal/BANK_502/DDR_CLK_P","U1.R21&P21","U3.J7&K7","42.734","43.269"," 534.8","42.699","42.996"," 297.6","-160.4"," -35.4","  89.6","-397.7","-272.7","-147.7","N/A"," 539.7","-468.7"," 468.7"," 375.0"," 375.0","  71.1"," 616.4","N/A"," 164.7"," 0.000"
"/Principal/BANK_502/DDR_DQS2_P","Pass","Write slot1","U1.P25&R25","U3.C7&B7","/Principal/BANK_502/DDR_CLK_P","U1.R21&P21","U3.J7&K7","44.609","45.144"," 534.7","44.574","44.871"," 297.6","-160.5"," -35.5","  89.5","-397.6","-272.6","-147.6","N/A"," 539.7","-468.7"," 468.7"," 375.0"," 375.0","  71.1"," 616.4","N/A"," 164.7"," 0.000"
"/Principal/BANK_502/DDR_DQS2_P","Pass","Write slot1","U1.P25&R25","U3.C7&B7","/Principal/BANK_502/DDR_CLK_P","U1.R21&P21","U3.J7&K7","46.484","47.019"," 534.7","46.449","46.746"," 297.6","-160.5"," -35.5","  89.5","-397.6","-272.6","-147.6","N/A"," 539.7","-468.7"," 468.7"," 375.0"," 375.0","  71.1"," 616.4","N/A"," 164.7"," 0.000"
"/Principal/BANK_502/DDR_DQS2_P","Pass","Write slot1","U1.P25&R25","U3.C7&B7","/Principal/BANK_502/DDR_CLK_P","U1.R21&P21","U3.J7&K7","48.359","48.894"," 534.7","48.324","48.621"," 297.5","-160.5"," -35.5","  89.5","-397.6","-272.6","-147.6","N/A"," 539.7","-468.7"," 468.7"," 375.0"," 375.0","  71.1"," 616.4","N/A"," 164.7"," 0.000"
"/Principal/BANK_502/DDR_DQS2_P","Pass","Write slot1","U1.P25&R25","U3.C7&B7","/Principal/BANK_502/DDR_CLK_P","U1.R21&P21","U3.J7&K7","50.234","50.769"," 534.7","50.199","50.496"," 297.5","-160.5"," -35.5","  89.5","-397.6","-272.6","-147.6","N/A"," 539.7","-468.7"," 468.7"," 375.0"," 375.0","  71.1"," 616.4","N/A"," 164.7"," 0.000"
"/Principal/BANK_502/DDR_DQS2_P","Pass","Write slot1","U1.P25&R25","U3.C7&B7","/Principal/BANK_502/DDR_CLK_P","U1.R21&P21","U3.J7&K7","52.109","52.644"," 534.7","52.074","52.371"," 297.5","-160.5"," -35.5","  89.5","-397.6","-272.6","-147.6","N/A"," 539.7","-468.7"," 468.7"," 375.0"," 375.0","  71.1"," 616.4","N/A"," 164.7"," 0.000"
"/Principal/BANK_502/DDR_DQS2_P","Pass","Write slot1","U1.P25&R25","U3.C7&B7","/Principal/BANK_502/DDR_CLK_P","U1.R21&P21","U3.J7&K7","53.984","54.519"," 534.7","53.949","54.246"," 297.5","-160.5"," -35.5","  89.5","-397.6","-272.6","-147.6","N/A"," 539.7","-468.7"," 468.7"," 375.0"," 375.0","  71.1"," 616.4","N/A"," 164.7"," 0.000"
"/Principal/BANK_502/DDR_DQS2_P","Pass","Write slot1","U1.P25&R25","U3.C7&B7","/Principal/BANK_502/DDR_CLK_P","U1.R21&P21","U3.J7&K7","55.859","56.394"," 534.7","55.824","56.121"," 297.5","-160.5"," -35.5","  89.5","-397.6","-272.6","-147.6","N/A"," 539.7","-468.7"," 468.7"," 375.0"," 375.0","  71.1"," 616.4","N/A"," 164.7"," 0.000"
"/Principal/BANK_502/DDR_DQS2_P","Pass","Write slot1","U1.P25&R25","U3.C7&B7","/Principal/BANK_502/DDR_CLK_P","U1.R21&P21","U3.J7&K7","57.734","58.269"," 534.7","57.699","57.996"," 297.5","-160.5"," -35.5","  89.5","-397.6","-272.6","-147.6","N/A"," 539.7","-468.7"," 468.7"," 375.0"," 375.0","  71.1"," 616.4","N/A"," 164.7"," 0.000"
"/Principal/BANK_502/DDR_DQS2_P","Pass","Write slot1","U1.P25&R25","U3.C7&B7","/Principal/BANK_502/DDR_CLK_P","U1.R21&P21","U3.J7&K7","59.609","60.144"," 534.6","59.574","59.871"," 297.5","-160.5"," -35.5","  89.5","-397.6","-272.6","-147.6","N/A"," 539.7","-468.7"," 468.7"," 375.0"," 375.0","  71.1"," 616.4","N/A"," 164.7"," 0.000"
"/Principal/BANK_502/DDR_DQS2_P","Pass","Write slot1","U1.P25&R25","U3.C7&B7","/Principal/BANK_502/DDR_CLK_P","U1.R21&P21","U3.J7&K7","61.484","62.019"," 534.6","61.449","61.746"," 297.5","-160.5"," -35.5","  89.5","-397.6","-272.6","-147.6","N/A"," 539.7","-468.7"," 468.7"," 375.0"," 375.0","  71.1"," 616.4","N/A"," 164.7"," 0.000"
"/Principal/BANK_502/DDR_DQS2_P","Pass","Write slot1","U1.P25&R25","U3.C7&B7","/Principal/BANK_502/DDR_CLK_P","U1.R21&P21","U3.J7&K7","63.359","63.894"," 534.6","63.324","63.621"," 297.5","-160.5"," -35.5","  89.5","-397.6","-272.6","-147.6","N/A"," 539.7","-468.7"," 468.7"," 375.0"," 375.0","  71.1"," 616.4","N/A"," 164.7"," 0.000"
"/Principal/BANK_502/DDR_DQS2_P","Pass","Write slot1","U1.P25&R25","U3.C7&B7","/Principal/BANK_502/DDR_CLK_P","U1.R21&P21","U3.J7&K7","65.234","65.769"," 534.6","65.199","65.496"," 297.5","-160.5"," -35.5","  89.5","-397.6","-272.6","-147.6","N/A"," 539.7","-468.7"," 468.7"," 375.0"," 375.0","  71.1"," 616.4","N/A"," 164.7"," 0.000"
"/Principal/BANK_502/DDR_DQS2_P","Pass","Write slot1","U1.P25&R25","U3.C7&B7","/Principal/BANK_502/DDR_CLK_P","U1.R21&P21","U3.J7&K7","67.109","67.644"," 534.6","67.074","67.371"," 297.5","-160.5"," -35.5","  89.5","-397.6","-272.6","-147.6","N/A"," 539.7","-468.7"," 468.7"," 375.0"," 375.0","  71.1"," 616.4","N/A"," 164.7"," 0.000"
"/Principal/BANK_502/DDR_DQS2_P","Pass","Write slot1","U1.P25&R25","U3.C7&B7","/Principal/BANK_502/DDR_CLK_P","U1.R21&P21","U3.J7&K7","68.984","69.519"," 534.6","68.949","69.246"," 297.5","-160.5"," -35.5","  89.5","-397.6","-272.6","-147.6","N/A"," 539.7","-468.7"," 468.7"," 375.0"," 375.0","  71.1"," 616.4","N/A"," 164.7"," 0.000"
"/Principal/BANK_502/DDR_DQS2_P","Pass","Write slot1","U1.P25&R25","U3.C7&B7","/Principal/BANK_502/DDR_CLK_P","U1.R21&P21","U3.J7&K7","70.859","71.394"," 534.6","70.824","71.121"," 297.5","-160.6"," -35.6","  89.4","-397.6","-272.6","-147.6","N/A"," 539.7","-468.7"," 468.7"," 375.0"," 375.0","  71.1"," 616.4","N/A"," 164.7"," 0.000"
"/Principal/BANK_502/DDR_DQS2_P","Pass","Write slot1","U1.P25&R25","U3.C7&B7","/Principal/BANK_502/DDR_CLK_P","U1.R21&P21","U3.J7&K7","72.734","73.269"," 534.6","72.699","72.996"," 297.5","-160.5"," -35.5","  89.5","-397.6","-272.6","-147.6","N/A"," 539.8","-468.7"," 468.7"," 375.0"," 375.0","  71.1"," 616.4","N/A"," 164.8"," 0.000"
"/Principal/BANK_502/DDR_DQS2_P","Pass","Write slot1","U1.P25&R25","U3.C7&B7","/Principal/BANK_502/DDR_CLK_P","U1.R21&P21","U3.J7&K7","74.609","75.144"," 534.6","74.574","74.871"," 297.5","-160.5"," -35.5","  89.5","-397.6","-272.6","-147.6","N/A"," 539.8","-468.7"," 468.7"," 375.0"," 375.0","  71.2"," 616.3","N/A"," 164.8"," 0.000"
"/Principal/BANK_502/DDR_DQS2_P","Pass","Write slot1","U1.P25&R25","U3.C7&B7","/Principal/BANK_502/DDR_CLK_P","U1.R21&P21","U3.J7&K7","76.484","77.019"," 534.6","76.449","76.746"," 297.5","-160.5"," -35.5","  89.5","-397.6","-272.6","-147.6","N/A"," 539.8","-468.7"," 468.7"," 375.0"," 375.0","  71.2"," 616.3","N/A"," 164.8"," 0.000"
"/Principal/BANK_502/DDR_DQS2_P","Pass","Write slot1","U1.P25&R25","U3.C7&B7","/Principal/BANK_502/DDR_CLK_P","U1.R21&P21","U3.J7&K7","78.359","78.894"," 534.6","78.324","78.621"," 297.5","-160.5"," -35.5","  89.5","-397.6","-272.6","-147.6","N/A"," 539.8","-468.7"," 468.7"," 375.0"," 375.0","  71.2"," 616.3","N/A"," 164.8"," 0.000"
"/Principal/BANK_502/DDR_DQS2_P","Pass","Write slot1","U1.P25&R25","U3.C7&B7","/Principal/BANK_502/DDR_CLK_P","U1.R21&P21","U3.J7&K7","80.234","80.769"," 534.6","80.199","80.496"," 297.5","-160.6"," -35.6","  89.4","-397.7","-272.7","-147.7","N/A"," 539.7","-468.7"," 468.7"," 375.0"," 375.0","  71.1"," 616.4","N/A"," 164.7"," 0.000"
"/Principal/BANK_502/DDR_DQS2_P","Pass","Write slot1","U1.P25&R25","U3.C7&B7","/Principal/BANK_502/DDR_CLK_P","U1.R21&P21","U3.J7&K7","82.109","82.644"," 534.6","82.074","82.371"," 297.5","-160.6"," -35.6","  89.4","-397.7","-272.7","-147.7","N/A"," 539.7","-468.7"," 468.7"," 375.0"," 375.0","  71.1"," 616.4","N/A"," 164.7"," 0.000"
"/Principal/BANK_502/DDR_DQS2_P","Pass","Write slot1","U1.P25&R25","U3.C7&B7","/Principal/BANK_502/DDR_CLK_P","U1.R21&P21","U3.J7&K7","83.984","84.519"," 534.5","83.949","84.246"," 297.5","-160.6"," -35.6","  89.4","-397.7","-272.7","-147.7","N/A"," 539.7","-468.7"," 468.7"," 375.0"," 375.0","  71.1"," 616.4","N/A"," 164.7"," 0.000"
"/Principal/BANK_502/DDR_DQS2_P","Pass","Write slot1","U1.P25&R25","U3.C7&B7","/Principal/BANK_502/DDR_CLK_P","U1.R21&P21","U3.J7&K7","85.859","86.394"," 534.6","85.824","86.121"," 297.5","-160.6"," -35.6","  89.4","-397.7","-272.7","-147.7","N/A"," 539.7","-468.7"," 468.7"," 375.0"," 375.0","  71.1"," 616.4","N/A"," 164.7"," 0.000"
"/Principal/BANK_502/DDR_DQS2_P","Pass","Write slot1","U1.P25&R25","U3.C7&B7","/Principal/BANK_502/DDR_CLK_P","U1.R21&P21","U3.J7&K7","87.734","88.269"," 534.5","87.699","87.996"," 297.5","-160.6"," -35.6","  89.4","-397.6","-272.6","-147.6","N/A"," 539.7","-468.7"," 468.7"," 375.0"," 375.0","  71.1"," 616.4","N/A"," 164.7"," 0.000"
"/Principal/BANK_502/DDR_DQS2_P","Pass","Write slot1","U1.P25&R25","U3.C7&B7","/Principal/BANK_502/DDR_CLK_P","U1.R21&P21","U3.J7&K7","89.609","90.144"," 534.5","89.574","89.871"," 297.5","-160.6"," -35.6","  89.4","-397.6","-272.6","-147.6","N/A"," 539.7","-468.7"," 468.7"," 375.0"," 375.0","  71.1"," 616.4","N/A"," 164.7"," 0.000"
"/Principal/BANK_502/DDR_DQS2_P","Pass","Write slot1","U1.P25&R25","U3.C7&B7","/Principal/BANK_502/DDR_CLK_P","U1.R21&P21","U3.J7&K7","91.484","92.019"," 534.5","91.449","91.746"," 297.5","-160.6"," -35.6","  89.4","-397.6","-272.6","-147.6","N/A"," 539.7","-468.7"," 468.7"," 375.0"," 375.0","  71.1"," 616.4","N/A"," 164.7"," 0.000"
"/Principal/BANK_502/DDR_DQS2_P","Pass","Write slot1","U1.P25&R25","U3.C7&B7","/Principal/BANK_502/DDR_CLK_P","U1.R21&P21","U3.J7&K7","93.359","93.894"," 534.5","93.324","93.621"," 297.5","-160.6"," -35.6","  89.4","-397.6","-272.6","-147.6","N/A"," 539.7","-468.7"," 468.7"," 375.0"," 375.0","  71.1"," 616.4","N/A"," 164.7"," 0.000"
"/Principal/BANK_502/DDR_DQS2_P","Pass","Write slot1","U1.P25&R25","U3.C7&B7","/Principal/BANK_502/DDR_CLK_P","U1.R21&P21","U3.J7&K7","95.234","95.769"," 534.5","95.199","95.496"," 297.5","-160.6"," -35.6","  89.4","-397.6","-272.6","-147.6","N/A"," 539.7","-468.7"," 468.7"," 375.0"," 375.0","  71.1"," 616.4","N/A"," 164.7"," 0.000"
"/Principal/BANK_502/DDR_DQS2_P","Pass","Write slot1","U1.P25&R25","U3.C7&B7","/Principal/BANK_502/DDR_CLK_P","U1.R21&P21","U3.J7&K7","97.109","97.644"," 534.5","97.074","97.371"," 297.5","-160.6"," -35.6","  89.4","-397.6","-272.6","-147.6","N/A"," 539.7","-468.7"," 468.7"," 375.0"," 375.0","  71.1"," 616.4","N/A"," 164.7"," 0.000"
"/Principal/BANK_502/DDR_DQS2_P","Pass","Write slot1","U1.P25&R25","U3.C7&B7","/Principal/BANK_502/DDR_CLK_P","U1.R21&P21","U3.J7&K7","98.984","99.519"," 534.5","98.949","99.246"," 297.5","-160.6"," -35.6","  89.4","-397.6","-272.6","-147.6","N/A"," 539.8","-468.7"," 468.7"," 375.0"," 375.0","  71.1"," 616.4","N/A"," 164.8"," 0.000"
"/Principal/BANK_502/DDR_DQS2_P","Pass","Write slot1","U1.P25&R25","U3.C7&B7","/Principal/BANK_502/DDR_CLK_P","U1.R21&P21","U3.J7&K7","100.859","101.394"," 534.5","100.824","101.121"," 297.5","-160.6"," -35.6","  89.4","-397.6","-272.6","-147.6","N/A"," 539.8","-468.7"," 468.7"," 375.0"," 375.0","  71.1"," 616.4","N/A"," 164.8"," 0.000"
"/Principal/BANK_502/DDR_DQS2_P","Pass","Write slot1","U1.P25&R25","U3.C7&B7","/Principal/BANK_502/DDR_CLK_P","U1.R21&P21","U3.J7&K7","102.734","103.269"," 534.5","102.699","102.996"," 297.5","-160.6"," -35.6","  89.4","-397.6","-272.6","-147.6","N/A"," 539.8","-468.7"," 468.7"," 375.0"," 375.0","  71.1"," 616.4","N/A"," 164.8"," 0.000"
"/Principal/BANK_502/DDR_DQS2_P","Pass","Write slot1","U1.P25&R25","U3.C7&B7","/Principal/BANK_502/DDR_CLK_P","U1.R21&P21","U3.J7&K7","104.609","105.144"," 534.5","104.574","104.871"," 297.5","-160.6"," -35.6","  89.4","-397.6","-272.6","-147.6","N/A"," 539.8","-468.7"," 468.7"," 375.0"," 375.0","  71.1"," 616.4","N/A"," 164.8"," 0.000"
"/Principal/BANK_502/DDR_DQS2_P","Pass","Write slot1","U1.P25&R25","U3.C7&B7","/Principal/BANK_502/DDR_CLK_P","U1.R21&P21","U3.J7&K7","106.484","107.019"," 534.5","106.449","106.746"," 297.5","-160.6"," -35.6","  89.4","-397.6","-272.6","-147.6","N/A"," 539.8","-468.7"," 468.7"," 375.0"," 375.0","  71.1"," 616.4","N/A"," 164.8"," 0.000"
"/Principal/BANK_502/DDR_DQS2_P","Pass","Write slot1","U1.P25&R25","U3.C7&B7","/Principal/BANK_502/DDR_CLK_P","U1.R21&P21","U3.J7&K7","108.359","108.894"," 534.5","108.324","108.621"," 297.5","-160.6"," -35.6","  89.4","-397.6","-272.6","-147.6","N/A"," 539.8","-468.7"," 468.7"," 375.0"," 375.0","  71.1"," 616.4","N/A"," 164.8"," 0.000"
"/Principal/BANK_502/DDR_DQS2_P","Pass","Write slot1","U1.P25&R25","U3.C7&B7","/Principal/BANK_502/DDR_CLK_P","U1.R21&P21","U3.J7&K7","110.234","110.769"," 534.5","110.199","110.496"," 297.5","-160.6"," -35.6","  89.4","-397.6","-272.6","-147.6","N/A"," 539.8","-468.7"," 468.7"," 375.0"," 375.0","  71.1"," 616.4","N/A"," 164.8"," 0.000"
"/Principal/BANK_502/DDR_DQS2_P","Pass","Write slot1","U1.P25&R25","U3.C7&B7","/Principal/BANK_502/DDR_CLK_P","U1.R21&P21","U3.J7&K7","112.109","112.644"," 534.5","112.074","112.371"," 297.5","-160.6"," -35.6","  89.4","-397.6","-272.6","-147.6","N/A"," 539.8","-468.7"," 468.7"," 375.0"," 375.0","  71.1"," 616.4","N/A"," 164.8"," 0.000"
"/Principal/BANK_502/DDR_DQS2_P","Pass","Write slot1","U1.P25&R25","U3.C7&B7","/Principal/BANK_502/DDR_CLK_P","U1.R21&P21","U3.J7&K7","113.984","114.519"," 534.5","113.949","114.246"," 297.5","-160.6"," -35.6","  89.4","-397.6","-272.6","-147.6","N/A"," 539.8","-468.7"," 468.7"," 375.0"," 375.0","  71.1"," 616.4","N/A"," 164.8"," 0.000"
"/Principal/BANK_502/DDR_DQS2_P","Pass","Write slot1","U1.P25&R25","U3.C7&B7","/Principal/BANK_502/DDR_CLK_P","U1.R21&P21","U3.J7&K7","115.859","116.394"," 534.5","115.824","116.121"," 297.5","-160.6"," -35.6","  89.4","-397.6","-272.6","-147.6","N/A"," 539.8","-468.7"," 468.7"," 375.0"," 375.0","  71.1"," 616.4","N/A"," 164.8"," 0.000"
"/Principal/BANK_502/DDR_DQS2_P","Pass","Write slot1","U1.P25&R25","U3.C7&B7","/Principal/BANK_502/DDR_CLK_P","U1.R21&P21","U3.J7&K7","117.734","118.269"," 534.5","117.699","117.996"," 297.5","-160.6"," -35.6","  89.4","-397.6","-272.6","-147.6","N/A"," 539.8","-468.7"," 468.7"," 375.0"," 375.0","  71.1"," 616.4","N/A"," 164.8"," 0.000"
"/Principal/BANK_502/DDR_DQS2_P","Pass","Write slot1","U1.P25&R25","U3.C7&B7","/Principal/BANK_502/DDR_CLK_P","U1.R21&P21","U3.J7&K7","119.609","120.144"," 534.5","119.574","119.871"," 297.5","-160.6"," -35.6","  89.4","-397.6","-272.6","-147.6","N/A"," 539.8","-468.7"," 468.7"," 375.0"," 375.0","  71.2"," 616.3","N/A"," 164.8"," 0.000"
"/Principal/BANK_502/DDR_DQS2_P","Pass","Write slot1","U1.P25&R25","U3.C7&B7","/Principal/BANK_502/DDR_CLK_P","U1.R21&P21","U3.J7&K7","121.484","122.019"," 534.5","121.449","121.746"," 297.5","-160.6"," -35.6","  89.4","-397.6","-272.6","-147.6","N/A"," 539.8","-468.7"," 468.7"," 375.0"," 375.0","  71.2"," 616.3","N/A"," 164.8"," 0.000"
"/Principal/BANK_502/DDR_DQS3_P","Pass","Write slot1","U1.W24&W25","U3.F3&G3","/Principal/BANK_502/DDR_CLK_P","U1.R21&P21","U3.J7&K7"," 3.353"," 3.894"," 540.8"," 3.336"," 3.620"," 283.6","-141.8"," -16.8"," 108.2","-398.9","-273.9","-148.9","N/A"," 537.9","-468.7"," 468.7"," 375.0"," 375.0","  69.8"," 617.7","N/A"," 162.9"," 0.000"
"/Principal/BANK_502/DDR_DQS3_P","Pass","Write slot1","U1.W24&W25","U3.F3&G3","/Principal/BANK_502/DDR_CLK_P","U1.R21&P21","U3.J7&K7"," 5.233"," 5.770"," 536.6"," 5.211"," 5.495"," 283.5","-146.5"," -21.5"," 103.5","-399.7","-274.7","-149.7","N/A"," 537.3","-468.7"," 468.7"," 375.0"," 375.0","  69.0"," 618.5","N/A"," 162.3"," 0.000"
"/Principal/BANK_502/DDR_DQS3_P","Pass","Write slot1","U1.W24&W25","U3.F3&G3","/Principal/BANK_502/DDR_CLK_P","U1.R21&P21","U3.J7&K7"," 7.109"," 7.644"," 535.7"," 7.086"," 7.370"," 283.4","-147.1"," -22.1"," 102.9","-399.4","-274.4","-149.4","N/A"," 537.6","-468.7"," 468.7"," 375.0"," 375.0","  69.3"," 618.2","N/A"," 162.6"," 0.000"
"/Principal/BANK_502/DDR_DQS3_P","Pass","Write slot1","U1.W24&W25","U3.F3&G3","/Principal/BANK_502/DDR_CLK_P","U1.R21&P21","U3.J7&K7"," 8.983"," 9.519"," 535.7"," 8.961"," 9.245"," 283.4","-147.0"," -22.0"," 103.0","-399.3","-274.3","-149.3","N/A"," 537.8","-468.7"," 468.7"," 375.0"," 375.0","  69.5"," 618.0","N/A"," 162.8"," 0.000"
"/Principal/BANK_502/DDR_DQS3_P","Pass","Write slot1","U1.W24&W25","U3.F3&G3","/Principal/BANK_502/DDR_CLK_P","U1.R21&P21","U3.J7&K7","10.859","11.394"," 535.6","10.837","11.120"," 283.3","-147.0"," -22.0"," 103.0","-399.2","-274.2","-149.2","N/A"," 537.9","-468.7"," 468.7"," 375.0"," 375.0","  69.5"," 618.0","N/A"," 162.9"," 0.000"
"/Principal/BANK_502/DDR_DQS3_P","Pass","Write slot1","U1.W24&W25","U3.F3&G3","/Principal/BANK_502/DDR_CLK_P","U1.R21&P21","U3.J7&K7","12.734","13.269"," 535.4","12.712","12.995"," 283.3","-147.1"," -22.1"," 102.9","-399.2","-274.2","-149.2","N/A"," 537.9","-468.7"," 468.7"," 375.0"," 375.0","  69.5"," 618.0","N/A"," 162.9"," 0.000"
"/Principal/BANK_502/DDR_DQS3_P","Pass","Write slot1","U1.W24&W25","U3.F3&G3","/Principal/BANK_502/DDR_CLK_P","U1.R21&P21","U3.J7&K7","14.609","15.144"," 535.3","14.587","14.870"," 283.3","-147.2"," -22.2"," 102.8","-399.2","-274.2","-149.2","N/A"," 537.9","-468.7"," 468.7"," 375.0"," 375.0","  69.5"," 618.0","N/A"," 162.9"," 0.000"
"/Principal/BANK_502/DDR_DQS3_P","Pass","Write slot1","U1.W24&W25","U3.F3&G3","/Principal/BANK_502/DDR_CLK_P","U1.R21&P21","U3.J7&K7","16.484","17.019"," 535.2","16.462","16.745"," 283.3","-147.2"," -22.2"," 102.8","-399.2","-274.2","-149.2","N/A"," 538.0","-468.7"," 468.7"," 375.0"," 375.0","  69.6"," 617.9","N/A"," 163.0"," 0.000"
"/Principal/BANK_502/DDR_DQS3_P","Pass","Write slot1","U1.W24&W25","U3.F3&G3","/Principal/BANK_502/DDR_CLK_P","U1.R21&P21","U3.J7&K7","18.359","18.894"," 535.2","18.337","18.620"," 283.3","-147.3"," -22.3"," 102.7","-399.2","-274.2","-149.2","N/A"," 538.0","-468.7"," 468.7"," 375.0"," 375.0","  69.6"," 617.9","N/A"," 163.0"," 0.000"
"/Principal/BANK_502/DDR_DQS3_P","Pass","Write slot1","U1.W24&W25","U3.F3&G3","/Principal/BANK_502/DDR_CLK_P","U1.R21&P21","U3.J7&K7","20.234","20.769"," 535.1","20.212","20.495"," 283.3","-147.4"," -22.4"," 102.6","-399.2","-274.2","-149.2","N/A"," 538.0","-468.7"," 468.7"," 375.0"," 375.0","  69.6"," 617.9","N/A"," 163.0"," 0.000"
"/Principal/BANK_502/DDR_DQS3_P","Pass","Write slot1","U1.W24&W25","U3.F3&G3","/Principal/BANK_502/DDR_CLK_P","U1.R21&P21","U3.J7&K7","22.109","22.644"," 535.1","22.087","22.370"," 283.3","-147.4"," -22.4"," 102.6","-399.2","-274.2","-149.2","N/A"," 538.0","-468.7"," 468.7"," 375.0"," 375.0","  69.6"," 617.9","N/A"," 163.0"," 0.000"
"/Principal/BANK_502/DDR_DQS3_P","Pass","Write slot1","U1.W24&W25","U3.F3&G3","/Principal/BANK_502/DDR_CLK_P","U1.R21&P21","U3.J7&K7","23.984","24.519"," 535.0","23.962","24.245"," 283.3","-147.4"," -22.4"," 102.6","-399.2","-274.2","-149.2","N/A"," 538.0","-468.7"," 468.7"," 375.0"," 375.0","  69.6"," 617.9","N/A"," 163.0"," 0.000"
"/Principal/BANK_502/DDR_DQS3_P","Pass","Write slot1","U1.W24&W25","U3.F3&G3","/Principal/BANK_502/DDR_CLK_P","U1.R21&P21","U3.J7&K7","25.859","26.394"," 535.0","25.837","26.120"," 283.3","-147.4"," -22.4"," 102.6","-399.2","-274.2","-149.2","N/A"," 538.0","-468.7"," 468.7"," 375.0"," 375.0","  69.6"," 617.9","N/A"," 163.0"," 0.000"
"/Principal/BANK_502/DDR_DQS3_P","Pass","Write slot1","U1.W24&W25","U3.F3&G3","/Principal/BANK_502/DDR_CLK_P","U1.R21&P21","U3.J7&K7","27.734","28.269"," 534.9","27.712","27.995"," 283.2","-147.5"," -22.5"," 102.5","-399.2","-274.2","-149.2","N/A"," 538.0","-468.7"," 468.7"," 375.0"," 375.0","  69.6"," 617.9","N/A"," 163.0"," 0.000"
"/Principal/BANK_502/DDR_DQS3_P","Pass","Write slot1","U1.W24&W25","U3.F3&G3","/Principal/BANK_502/DDR_CLK_P","U1.R21&P21","U3.J7&K7","29.609","30.144"," 534.9","29.587","29.870"," 283.2","-147.5"," -22.5"," 102.5","-399.2","-274.2","-149.2","N/A"," 538.1","-468.7"," 468.7"," 375.0"," 375.0","  69.6"," 617.9","N/A"," 163.1"," 0.000"
"/Principal/BANK_502/DDR_DQS3_P","Pass","Write slot1","U1.W24&W25","U3.F3&G3","/Principal/BANK_502/DDR_CLK_P","U1.R21&P21","U3.J7&K7","31.484","32.019"," 534.9","31.462","31.745"," 283.2","-147.5"," -22.5"," 102.5","-399.2","-274.2","-149.2","N/A"," 538.1","-468.7"," 468.7"," 375.0"," 375.0","  69.6"," 617.9","N/A"," 163.1"," 0.000"
"/Principal/BANK_502/DDR_DQS3_P","Pass","Write slot1","U1.W24&W25","U3.F3&G3","/Principal/BANK_502/DDR_CLK_P","U1.R21&P21","U3.J7&K7","33.359","33.894"," 534.9","33.337","33.620"," 283.2","-147.5"," -22.5"," 102.5","-399.1","-274.1","-149.1","N/A"," 538.1","-468.7"," 468.7"," 375.0"," 375.0","  69.6"," 617.9","N/A"," 163.1"," 0.000"
"/Principal/BANK_502/DDR_DQS3_P","Pass","Write slot1","U1.W24&W25","U3.F3&G3","/Principal/BANK_502/DDR_CLK_P","U1.R21&P21","U3.J7&K7","35.234","35.769"," 534.8","35.212","35.495"," 283.2","-147.5"," -22.5"," 102.5","-399.2","-274.2","-149.2","N/A"," 538.1","-468.7"," 468.7"," 375.0"," 375.0","  69.6"," 617.9","N/A"," 163.1"," 0.000"
"/Principal/BANK_502/DDR_DQS3_P","Pass","Write slot1","U1.W24&W25","U3.F3&G3","/Principal/BANK_502/DDR_CLK_P","U1.R21&P21","U3.J7&K7","37.109","37.644"," 534.8","37.087","37.370"," 283.2","-147.6"," -22.6"," 102.4","-399.3","-274.3","-149.3","N/A"," 538.0","-468.7"," 468.7"," 375.0"," 375.0","  69.5"," 618.0","N/A"," 163.0"," 0.000"
"/Principal/BANK_502/DDR_DQS3_P","Pass","Write slot1","U1.W24&W25","U3.F3&G3","/Principal/BANK_502/DDR_CLK_P","U1.R21&P21","U3.J7&K7","38.984","39.519"," 534.8","38.962","39.245"," 283.2","-147.6"," -22.6"," 102.4","-399.3","-274.3","-149.3","N/A"," 538.0","-468.7"," 468.7"," 375.0"," 375.0","  69.5"," 618.0","N/A"," 163.0"," 0.000"
"/Principal/BANK_502/DDR_DQS3_P","Pass","Write slot1","U1.W24&W25","U3.F3&G3","/Principal/BANK_502/DDR_CLK_P","U1.R21&P21","U3.J7&K7","40.859","41.394"," 534.8","40.837","41.120"," 283.2","-147.7"," -22.7"," 102.3","-399.3","-274.3","-149.3","N/A"," 538.0","-468.7"," 468.7"," 375.0"," 375.0","  69.5"," 618.0","N/A"," 163.0"," 0.000"
"/Principal/BANK_502/DDR_DQS3_P","Pass","Write slot1","U1.W24&W25","U3.F3&G3","/Principal/BANK_502/DDR_CLK_P","U1.R21&P21","U3.J7&K7","42.734","43.269"," 534.8","42.712","42.995"," 283.2","-147.6"," -22.6"," 102.4","-399.3","-274.3","-149.3","N/A"," 538.0","-468.7"," 468.7"," 375.0"," 375.0","  69.5"," 618.0","N/A"," 163.0"," 0.000"
"/Principal/BANK_502/DDR_DQS3_P","Pass","Write slot1","U1.W24&W25","U3.F3&G3","/Principal/BANK_502/DDR_CLK_P","U1.R21&P21","U3.J7&K7","44.609","45.144"," 534.7","44.587","44.870"," 283.2","-147.7"," -22.7"," 102.3","-399.3","-274.3","-149.3","N/A"," 538.0","-468.7"," 468.7"," 375.0"," 375.0","  69.5"," 618.0","N/A"," 163.0"," 0.000"
"/Principal/BANK_502/DDR_DQS3_P","Pass","Write slot1","U1.W24&W25","U3.F3&G3","/Principal/BANK_502/DDR_CLK_P","U1.R21&P21","U3.J7&K7","46.484","47.019"," 534.7","46.462","46.745"," 283.2","-147.7"," -22.7"," 102.3","-399.2","-274.2","-149.2","N/A"," 538.0","-468.7"," 468.7"," 375.0"," 375.0","  69.5"," 618.0","N/A"," 163.0"," 0.000"
"/Principal/BANK_502/DDR_DQS3_P","Pass","Write slot1","U1.W24&W25","U3.F3&G3","/Principal/BANK_502/DDR_CLK_P","U1.R21&P21","U3.J7&K7","48.359","48.894"," 534.7","48.337","48.620"," 283.2","-147.7"," -22.7"," 102.3","-399.2","-274.2","-149.2","N/A"," 538.0","-468.7"," 468.7"," 375.0"," 375.0","  69.5"," 618.0","N/A"," 163.0"," 0.000"
"/Principal/BANK_502/DDR_DQS3_P","Pass","Write slot1","U1.W24&W25","U3.F3&G3","/Principal/BANK_502/DDR_CLK_P","U1.R21&P21","U3.J7&K7","50.234","50.769"," 534.7","50.212","50.495"," 283.2","-147.7"," -22.7"," 102.3","-399.2","-274.2","-149.2","N/A"," 538.0","-468.7"," 468.7"," 375.0"," 375.0","  69.5"," 618.0","N/A"," 163.0"," 0.000"
"/Principal/BANK_502/DDR_DQS3_P","Pass","Write slot1","U1.W24&W25","U3.F3&G3","/Principal/BANK_502/DDR_CLK_P","U1.R21&P21","U3.J7&K7","52.109","52.644"," 534.7","52.087","52.370"," 283.2","-147.7"," -22.7"," 102.3","-399.2","-274.2","-149.2","N/A"," 538.0","-468.7"," 468.7"," 375.0"," 375.0","  69.5"," 618.0","N/A"," 163.0"," 0.000"
"/Principal/BANK_502/DDR_DQS3_P","Pass","Write slot1","U1.W24&W25","U3.F3&G3","/Principal/BANK_502/DDR_CLK_P","U1.R21&P21","U3.J7&K7","53.984","54.519"," 534.7","53.962","54.245"," 283.2","-147.7"," -22.7"," 102.3","-399.2","-274.2","-149.2","N/A"," 538.0","-468.7"," 468.7"," 375.0"," 375.0","  69.5"," 618.0","N/A"," 163.0"," 0.000"
"/Principal/BANK_502/DDR_DQS3_P","Pass","Write slot1","U1.W24&W25","U3.F3&G3","/Principal/BANK_502/DDR_CLK_P","U1.R21&P21","U3.J7&K7","55.859","56.394"," 534.7","55.837","56.120"," 283.2","-147.7"," -22.7"," 102.3","-399.2","-274.2","-149.2","N/A"," 538.1","-468.7"," 468.7"," 375.0"," 375.0","  69.5"," 618.0","N/A"," 163.1"," 0.000"
"/Principal/BANK_502/DDR_DQS3_P","Pass","Write slot1","U1.W24&W25","U3.F3&G3","/Principal/BANK_502/DDR_CLK_P","U1.R21&P21","U3.J7&K7","57.734","58.269"," 534.7","57.712","57.995"," 283.2","-147.7"," -22.7"," 102.3","-399.2","-274.2","-149.2","N/A"," 538.1","-468.7"," 468.7"," 375.0"," 375.0","  69.6"," 617.9","N/A"," 163.1"," 0.000"
"/Principal/BANK_502/DDR_DQS3_P","Pass","Write slot1","U1.W24&W25","U3.F3&G3","/Principal/BANK_502/DDR_CLK_P","U1.R21&P21","U3.J7&K7","59.609","60.144"," 534.6","59.587","59.870"," 283.2","-147.7"," -22.7"," 102.3","-399.2","-274.2","-149.2","N/A"," 538.1","-468.7"," 468.7"," 375.0"," 375.0","  69.5"," 618.0","N/A"," 163.1"," 0.000"
"/Principal/BANK_502/DDR_DQS3_P","Pass","Write slot1","U1.W24&W25","U3.F3&G3","/Principal/BANK_502/DDR_CLK_P","U1.R21&P21","U3.J7&K7","61.484","62.019"," 534.6","61.462","61.745"," 283.2","-147.7"," -22.7"," 102.3","-399.2","-274.2","-149.2","N/A"," 538.1","-468.7"," 468.7"," 375.0"," 375.0","  69.6"," 617.9","N/A"," 163.1"," 0.000"
"/Principal/BANK_502/DDR_DQS3_P","Pass","Write slot1","U1.W24&W25","U3.F3&G3","/Principal/BANK_502/DDR_CLK_P","U1.R21&P21","U3.J7&K7","63.359","63.894"," 534.6","63.337","63.620"," 283.2","-147.8"," -22.8"," 102.2","-399.2","-274.2","-149.2","N/A"," 538.1","-468.7"," 468.7"," 375.0"," 375.0","  69.6"," 617.9","N/A"," 163.1"," 0.000"
"/Principal/BANK_502/DDR_DQS3_P","Pass","Write slot1","U1.W24&W25","U3.F3&G3","/Principal/BANK_502/DDR_CLK_P","U1.R21&P21","U3.J7&K7","65.234","65.769"," 534.6","65.212","65.495"," 283.2","-147.7"," -22.7"," 102.3","-399.2","-274.2","-149.2","N/A"," 538.1","-468.7"," 468.7"," 375.0"," 375.0","  69.6"," 617.9","N/A"," 163.1"," 0.000"
"/Principal/BANK_502/DDR_DQS3_P","Pass","Write slot1","U1.W24&W25","U3.F3&G3","/Principal/BANK_502/DDR_CLK_P","U1.R21&P21","U3.J7&K7","67.109","67.644"," 534.6","67.087","67.370"," 283.2","-147.8"," -22.8"," 102.2","-399.2","-274.2","-149.2","N/A"," 538.1","-468.7"," 468.7"," 375.0"," 375.0","  69.6"," 617.9","N/A"," 163.1"," 0.000"
"/Principal/BANK_502/DDR_DQS3_P","Pass","Write slot1","U1.W24&W25","U3.F3&G3","/Principal/BANK_502/DDR_CLK_P","U1.R21&P21","U3.J7&K7","68.984","69.519"," 534.6","68.962","69.245"," 283.2","-147.7"," -22.7"," 102.3","-399.2","-274.2","-149.2","N/A"," 538.1","-468.7"," 468.7"," 375.0"," 375.0","  69.6"," 617.9","N/A"," 163.1"," 0.000"
"/Principal/BANK_502/DDR_DQS3_P","Pass","Write slot1","U1.W24&W25","U3.F3&G3","/Principal/BANK_502/DDR_CLK_P","U1.R21&P21","U3.J7&K7","70.859","71.394"," 534.6","70.837","71.120"," 283.2","-147.8"," -22.8"," 102.2","-399.2","-274.2","-149.2","N/A"," 538.1","-468.7"," 468.7"," 375.0"," 375.0","  69.6"," 617.9","N/A"," 163.1"," 0.000"
"/Principal/BANK_502/DDR_DQS3_P","Pass","Write slot1","U1.W24&W25","U3.F3&G3","/Principal/BANK_502/DDR_CLK_P","U1.R21&P21","U3.J7&K7","72.734","73.269"," 534.6","72.712","72.995"," 283.2","-147.8"," -22.8"," 102.2","-399.2","-274.2","-149.2","N/A"," 538.1","-468.7"," 468.7"," 375.0"," 375.0","  69.6"," 617.9","N/A"," 163.1"," 0.000"
"/Principal/BANK_502/DDR_DQS3_P","Pass","Write slot1","U1.W24&W25","U3.F3&G3","/Principal/BANK_502/DDR_CLK_P","U1.R21&P21","U3.J7&K7","74.609","75.144"," 534.6","74.587","74.870"," 283.2","-147.7"," -22.7"," 102.3","-399.1","-274.1","-149.1","N/A"," 538.1","-468.7"," 468.7"," 375.0"," 375.0","  69.6"," 617.9","N/A"," 163.1"," 0.000"
"/Principal/BANK_502/DDR_DQS3_P","Pass","Write slot1","U1.W24&W25","U3.F3&G3","/Principal/BANK_502/DDR_CLK_P","U1.R21&P21","U3.J7&K7","76.484","77.019"," 534.6","76.462","76.745"," 283.2","-147.7"," -22.7"," 102.3","-399.2","-274.2","-149.2","N/A"," 538.1","-468.7"," 468.7"," 375.0"," 375.0","  69.6"," 617.9","N/A"," 163.1"," 0.000"
"/Principal/BANK_502/DDR_DQS3_P","Pass","Write slot1","U1.W24&W25","U3.F3&G3","/Principal/BANK_502/DDR_CLK_P","U1.R21&P21","U3.J7&K7","78.359","78.894"," 534.6","78.337","78.620"," 283.2","-147.7"," -22.7"," 102.3","-399.1","-274.1","-149.1","N/A"," 538.1","-468.7"," 468.7"," 375.0"," 375.0","  69.6"," 617.9","N/A"," 163.1"," 0.000"
"/Principal/BANK_502/DDR_DQS3_P","Pass","Write slot1","U1.W24&W25","U3.F3&G3","/Principal/BANK_502/DDR_CLK_P","U1.R21&P21","U3.J7&K7","80.234","80.769"," 534.6","80.212","80.495"," 283.1","-147.8"," -22.8"," 102.2","-399.3","-274.3","-149.3","N/A"," 538.0","-468.7"," 468.7"," 375.0"," 375.0","  69.5"," 618.0","N/A"," 163.0"," 0.000"
"/Principal/BANK_502/DDR_DQS3_P","Pass","Write slot1","U1.W24&W25","U3.F3&G3","/Principal/BANK_502/DDR_CLK_P","U1.R21&P21","U3.J7&K7","82.109","82.644"," 534.6","82.087","82.370"," 283.1","-147.8"," -22.8"," 102.2","-399.3","-274.3","-149.3","N/A"," 538.0","-468.7"," 468.7"," 375.0"," 375.0","  69.5"," 618.0","N/A"," 163.0"," 0.000"
"/Principal/BANK_502/DDR_DQS3_P","Pass","Write slot1","U1.W24&W25","U3.F3&G3","/Principal/BANK_502/DDR_CLK_P","U1.R21&P21","U3.J7&K7","83.984","84.519"," 534.5","83.962","84.245"," 283.1","-147.8"," -22.8"," 102.2","-399.3","-274.3","-149.3","N/A"," 538.0","-468.7"," 468.7"," 375.0"," 375.0","  69.5"," 618.0","N/A"," 163.0"," 0.000"
"/Principal/BANK_502/DDR_DQS3_P","Pass","Write slot1","U1.W24&W25","U3.F3&G3","/Principal/BANK_502/DDR_CLK_P","U1.R21&P21","U3.J7&K7","85.859","86.394"," 534.6","85.837","86.120"," 283.1","-147.8"," -22.8"," 102.2","-399.3","-274.3","-149.3","N/A"," 538.0","-468.7"," 468.7"," 375.0"," 375.0","  69.5"," 618.0","N/A"," 163.0"," 0.000"
"/Principal/BANK_502/DDR_DQS3_P","Pass","Write slot1","U1.W24&W25","U3.F3&G3","/Principal/BANK_502/DDR_CLK_P","U1.R21&P21","U3.J7&K7","87.734","88.269"," 534.5","87.712","87.995"," 283.1","-147.9"," -22.9"," 102.1","-399.3","-274.3","-149.3","N/A"," 538.0","-468.7"," 468.7"," 375.0"," 375.0","  69.5"," 618.0","N/A"," 163.0"," 0.000"
"/Principal/BANK_502/DDR_DQS3_P","Pass","Write slot1","U1.W24&W25","U3.F3&G3","/Principal/BANK_502/DDR_CLK_P","U1.R21&P21","U3.J7&K7","89.609","90.144"," 534.5","89.587","89.870"," 283.1","-147.8"," -22.8"," 102.2","-399.2","-274.2","-149.2","N/A"," 538.1","-468.7"," 468.7"," 375.0"," 375.0","  69.5"," 618.0","N/A"," 163.1"," 0.000"
"/Principal/BANK_502/DDR_DQS3_P","Pass","Write slot1","U1.W24&W25","U3.F3&G3","/Principal/BANK_502/DDR_CLK_P","U1.R21&P21","U3.J7&K7","91.484","92.019"," 534.5","91.462","91.745"," 283.1","-147.9"," -22.9"," 102.1","-399.2","-274.2","-149.2","N/A"," 538.0","-468.7"," 468.7"," 375.0"," 375.0","  69.5"," 618.0","N/A"," 163.0"," 0.000"
"/Principal/BANK_502/DDR_DQS3_P","Pass","Write slot1","U1.W24&W25","U3.F3&G3","/Principal/BANK_502/DDR_CLK_P","U1.R21&P21","U3.J7&K7","93.359","93.894"," 534.5","93.337","93.620"," 283.1","-147.8"," -22.8"," 102.2","-399.2","-274.2","-149.2","N/A"," 538.1","-468.7"," 468.7"," 375.0"," 375.0","  69.5"," 618.0","N/A"," 163.1"," 0.000"
"/Principal/BANK_502/DDR_DQS3_P","Pass","Write slot1","U1.W24&W25","U3.F3&G3","/Principal/BANK_502/DDR_CLK_P","U1.R21&P21","U3.J7&K7","95.234","95.769"," 534.5","95.212","95.495"," 283.1","-147.9"," -22.9"," 102.1","-399.2","-274.2","-149.2","N/A"," 538.1","-468.7"," 468.7"," 375.0"," 375.0","  69.5"," 618.0","N/A"," 163.1"," 0.000"
"/Principal/BANK_502/DDR_DQS3_P","Pass","Write slot1","U1.W24&W25","U3.F3&G3","/Principal/BANK_502/DDR_CLK_P","U1.R21&P21","U3.J7&K7","97.109","97.644"," 534.5","97.087","97.370"," 283.1","-147.9"," -22.9"," 102.1","-399.2","-274.2","-149.2","N/A"," 538.1","-468.7"," 468.7"," 375.0"," 375.0","  69.5"," 618.0","N/A"," 163.1"," 0.000"
"/Principal/BANK_502/DDR_DQS3_P","Pass","Write slot1","U1.W24&W25","U3.F3&G3","/Principal/BANK_502/DDR_CLK_P","U1.R21&P21","U3.J7&K7","98.984","99.519"," 534.5","98.962","99.245"," 283.1","-147.8"," -22.8"," 102.2","-399.2","-274.2","-149.2","N/A"," 538.1","-468.7"," 468.7"," 375.0"," 375.0","  69.5"," 618.0","N/A"," 163.1"," 0.000"
"/Principal/BANK_502/DDR_DQS3_P","Pass","Write slot1","U1.W24&W25","U3.F3&G3","/Principal/BANK_502/DDR_CLK_P","U1.R21&P21","U3.J7&K7","100.859","101.394"," 534.5","100.837","101.120"," 283.1","-147.8"," -22.8"," 102.2","-399.2","-274.2","-149.2","N/A"," 538.1","-468.7"," 468.7"," 375.0"," 375.0","  69.5"," 618.0","N/A"," 163.1"," 0.000"
"/Principal/BANK_502/DDR_DQS3_P","Pass","Write slot1","U1.W24&W25","U3.F3&G3","/Principal/BANK_502/DDR_CLK_P","U1.R21&P21","U3.J7&K7","102.734","103.269"," 534.5","102.712","102.995"," 283.1","-147.8"," -22.8"," 102.2","-399.2","-274.2","-149.2","N/A"," 538.1","-468.7"," 468.7"," 375.0"," 375.0","  69.6"," 617.9","N/A"," 163.1"," 0.000"
"/Principal/BANK_502/DDR_DQS3_P","Pass","Write slot1","U1.W24&W25","U3.F3&G3","/Principal/BANK_502/DDR_CLK_P","U1.R21&P21","U3.J7&K7","104.609","105.144"," 534.5","104.587","104.870"," 283.2","-147.9"," -22.9"," 102.1","-399.2","-274.2","-149.2","N/A"," 538.1","-468.7"," 468.7"," 375.0"," 375.0","  69.6"," 617.9","N/A"," 163.1"," 0.000"
"/Principal/BANK_502/DDR_DQS3_P","Pass","Write slot1","U1.W24&W25","U3.F3&G3","/Principal/BANK_502/DDR_CLK_P","U1.R21&P21","U3.J7&K7","106.484","107.019"," 534.5","106.462","106.745"," 283.2","-147.8"," -22.8"," 102.2","-399.2","-274.2","-149.2","N/A"," 538.1","-468.7"," 468.7"," 375.0"," 375.0","  69.6"," 617.9","N/A"," 163.1"," 0.000"
"/Principal/BANK_502/DDR_DQS3_P","Pass","Write slot1","U1.W24&W25","U3.F3&G3","/Principal/BANK_502/DDR_CLK_P","U1.R21&P21","U3.J7&K7","108.359","108.894"," 534.5","108.337","108.620"," 283.2","-147.9"," -22.9"," 102.1","-399.2","-274.2","-149.2","N/A"," 538.1","-468.7"," 468.7"," 375.0"," 375.0","  69.6"," 617.9","N/A"," 163.1"," 0.000"
"/Principal/BANK_502/DDR_DQS3_P","Pass","Write slot1","U1.W24&W25","U3.F3&G3","/Principal/BANK_502/DDR_CLK_P","U1.R21&P21","U3.J7&K7","110.234","110.769"," 534.5","110.212","110.495"," 283.2","-147.8"," -22.8"," 102.2","-399.2","-274.2","-149.2","N/A"," 538.1","-468.7"," 468.7"," 375.0"," 375.0","  69.6"," 617.9","N/A"," 163.1"," 0.000"
"/Principal/BANK_502/DDR_DQS3_P","Pass","Write slot1","U1.W24&W25","U3.F3&G3","/Principal/BANK_502/DDR_CLK_P","U1.R21&P21","U3.J7&K7","112.109","112.644"," 534.5","112.087","112.370"," 283.2","-147.9"," -22.9"," 102.1","-399.2","-274.2","-149.2","N/A"," 538.1","-468.7"," 468.7"," 375.0"," 375.0","  69.6"," 617.9","N/A"," 163.1"," 0.000"
"/Principal/BANK_502/DDR_DQS3_P","Pass","Write slot1","U1.W24&W25","U3.F3&G3","/Principal/BANK_502/DDR_CLK_P","U1.R21&P21","U3.J7&K7","113.984","114.519"," 534.5","113.962","114.245"," 283.1","-147.8"," -22.8"," 102.2","-399.2","-274.2","-149.2","N/A"," 538.1","-468.7"," 468.7"," 375.0"," 375.0","  69.6"," 617.9","N/A"," 163.1"," 0.000"
"/Principal/BANK_502/DDR_DQS3_P","Pass","Write slot1","U1.W24&W25","U3.F3&G3","/Principal/BANK_502/DDR_CLK_P","U1.R21&P21","U3.J7&K7","115.859","116.394"," 534.5","115.837","116.120"," 283.2","-147.8"," -22.8"," 102.2","-399.2","-274.2","-149.2","N/A"," 538.1","-468.7"," 468.7"," 375.0"," 375.0","  69.6"," 617.9","N/A"," 163.1"," 0.000"
"/Principal/BANK_502/DDR_DQS3_P","Pass","Write slot1","U1.W24&W25","U3.F3&G3","/Principal/BANK_502/DDR_CLK_P","U1.R21&P21","U3.J7&K7","117.734","118.269"," 534.5","117.712","117.995"," 283.2","-147.8"," -22.8"," 102.2","-399.2","-274.2","-149.2","N/A"," 538.1","-468.7"," 468.7"," 375.0"," 375.0","  69.6"," 617.9","N/A"," 163.1"," 0.000"
"/Principal/BANK_502/DDR_DQS3_P","Pass","Write slot1","U1.W24&W25","U3.F3&G3","/Principal/BANK_502/DDR_CLK_P","U1.R21&P21","U3.J7&K7","119.609","120.144"," 534.5","119.587","119.870"," 283.1","-147.8"," -22.8"," 102.2","-399.2","-274.2","-149.2","N/A"," 538.1","-468.7"," 468.7"," 375.0"," 375.0","  69.6"," 617.9","N/A"," 163.1"," 0.000"
"/Principal/BANK_502/DDR_DQS3_P","Pass","Write slot1","U1.W24&W25","U3.F3&G3","/Principal/BANK_502/DDR_CLK_P","U1.R21&P21","U3.J7&K7","121.484","122.019"," 534.5","121.462","121.745"," 283.2","-147.8"," -22.8"," 102.2","-399.1","-274.1","-149.1","N/A"," 538.2","-468.7"," 468.7"," 375.0"," 375.0","  69.6"," 617.9","N/A"," 163.2"," 0.000"
