Source,C:/ciaa/PCB/EDU-FSL/EDU_CIAA_K60/EDU_CIAA_K60.sch
Kicad Rev,Eeschema 4.0.2-stable
Generated Date,18/07/2016 21:50:35

Title,EDU CIAA Freescale - Esquemático jerárquico
Company,EDU-CIAA - FSL . Versión FSL (Freescale K60)
Revision,1.0
Date Issue,26 feb 2016
Comment,Autores: Ver 'doc/CHANGES.txt'      Licencia: Ver  'doc/LICENCIA_CIAA_FSL.txt'

Reference,Value,Descripcion,Path datasheet,Fabricante,Nro. parte,Digikey/Mouser,Footprint estandar,Footprint,Nro parte,Fairchild Semiconductor,Library,Library Ref
FD1,FIDUCIAL,FIDUCIAL,..PCB/EDU-FSL/Datasheets,,,,,,,,edu-ciaa-fsl,FIDUCIAL
MH1,PCB_HOLE,PCB HOLE,..PCB/EDU-FSL/Datasheets,,,,,,,,edu-ciaa-fsl,PCB_HOLE
FD2,FIDUCIAL,FIDUCIAL,..PCB/EDU-FSL/Datasheets,,,,,,,,edu-ciaa-fsl,FIDUCIAL
FD3,FIDUCIAL,FIDUCIAL,..PCB/EDU-FSL/Datasheets,,,,,,,,edu-ciaa-fsl,FIDUCIAL
FD4,FIDUCIAL,FIDUCIAL,..PCB/EDU-FSL/Datasheets,,,,,,,,edu-ciaa-fsl,FIDUCIAL
FD5,FIDUCIAL,FIDUCIAL,..PCB/EDU-FSL/Datasheets,,,,,,,,edu-ciaa-fsl,FIDUCIAL
FD6,FIDUCIAL,FIDUCIAL,..PCB/EDU-FSL/Datasheets,,,,,,,,edu-ciaa-fsl,FIDUCIAL
MH2,PCB_HOLE,PCB HOLE,..PCB/EDU-FSL/Datasheets,,,,,,,,edu-ciaa-fsl,PCB_HOLE
MH3,PCB_HOLE,PCB HOLE,..PCB/EDU-FSL/Datasheets,,,,,,,,edu-ciaa-fsl,PCB_HOLE
MH4,PCB_HOLE,PCB HOLE,..PCB/EDU-FSL/Datasheets,,,,,,,,edu-ciaa-fsl,PCB_HOLE
G2,OSHWA,LOGO DE OPEN SOURCE HARDWARE,,,,,,,,,edu-ciaa-fsl,OSHWA
G1,LOGO,edu-ciaa-fsl,LOGO
U1,MIC2025-2YM,IC SINGLE CHANNEL POWER DISTRIBUTION SWITCH 500mA,..PCB/EDU-FSL/Datasheets,MICREL,MIC2025-2YM,576-1058-ND,SOIC-8,,,,edu-ciaa-fsl,MIC2025
U2,PRTR5V0U2X,IC TVS DIODE 2 CHANNEL 10V CLAMP SOT1434,..PCB/EDU-FSL/Datasheets,NXP Semiconductors,PRTR5V0U2X,215,568-4140-1-ND,SOT-143B,,,,edu-ciaa-fsl,PRTR5V0U2X
C2,4,7uF,CAP TANT 4,7uF 6,3V 10% 1206 ,..PCB/EDU-FSL/Datasheets,KEMET,T491A475K006AT,399-9717-1-ND,1206,,,,edu-ciaa-fsl,CAPAPOL
C1,100nF,CAP CER 0.1UF 16V 10% X7R 0805,..PCB/EDU-FSL/Datasheets,KEMET,C0805C104K4RACTU,399-1167-1-ND,0805,,,,edu-ciaa-fsl,C
L2,HZ0805E601R-10,FERRITE 500MA 600 OHM 0805 SMD,..PCB/EDU-FSL/Datasheets,Laird-Signal Integrity Products,HZ0805E601R-10,240-2399-1-ND,0805,,,,edu-ciaa-fsl,FILTER
R1,10k,RES 10K OHM 1/8W 5% 0805 SMD,..PCB/EDU-FSL/Datasheets,Panasonic Electronic Components,ERJ-6GEYJ103V,P10KACT-ND,0805,,,,edu-ciaa-fsl,R
L1,MI0805M221R-10,FERRITE CHIP POWER 220 OHM SMD,..PCB/EDU-FSL/Datasheets,Laird-Signal Integrity Products,MI0805M221R-10,240-2392-1-ND,0805,,,,edu-ciaa-fsl,FILTER
T1,DLW21HN900SQ2,CHOKE COMMON MODE 90 OHM 0805,..PCB/EDU-FSL/Datasheets,Murata Electronics North America,DLW21HN900SQ2L,490-1064-2-ND,0805,,,,edu-ciaa-fsl,TRASF_UNIP
C3,100nF,CAP CER 0,1UF 16V X7R 10% 0805,..PCB/EDU-FSL/Datasheets,KEMET,C0805C104K4RACTU,399-1167-1-ND,0805,,,,edu-ciaa-fsl,C
D1,SMAJ5.0A,TVS DIODE 5VWM SMD,..PCB/EDU-FSL/Datasheets,Bourns Inc.,SMAJ5.0A,SMAJ5.0ABCT-ND,SMA,,,,edu-ciaa-fsl,ZENER
J1,ZX62D-AB-5P8,CONN RCPT MCR USB AB SMD TH SHLL,..PCB/EDU-FSL/Datasheets,Hirose Electric Co Ltd,ZX62D-AB-5P8,H11494CT-ND,,,,,edu-ciaa-fsl,MICRO_USB
R2,10k,RES 10K OHM 1/8W 5% 0805 SMD,..PCB/EDU-FSL/Datasheets,Panasonic Electronic Components,ERJ-6GEYJ103V,P10KACT-ND,0805,,,,edu-ciaa-fsl,R
D4,PMEG3020EH,DIODE SCHOTTKY 30V 2A SOD123F,..PCB/EDU-FSL/Datasheets,NXP Semiconductors,PMEG3020EH,115,568-4129-1-ND,SOD-123F,,,,edu-ciaa-fsl,DIODESCH
L3,HZ0805E601R-10,FERRITE 500MA 600 OHM 0805 SMD,..PCB/EDU-FSL/Datasheets,Laird-Signal Integrity Products,HZ0805E601R-10,240-2399-1-ND,0805,,,,edu-ciaa-fsl,FILTER
D3,PMEG3020EH,DIODE SCHOTTKY 30V 2A SOD123F,..PCB/EDU-FSL/Datasheets,NXP Semiconductors,PMEG3020EH,115,568-4129-1-ND,SOD-123F,,,,edu-ciaa-fsl,DIODESCH
U3,NCP1117ST33T3G,IC REG LDO 3.3V 1A SOT223,..PCB/EDU-FSL/Datasheets,ON Semiconductor,NCP1117ST33T3G,NCP1117ST33T3GOSCT-ND,SOT-223,,,,edu-ciaa-fsl,NCP1117ST50T3G
BT1,CR2032,Soporte batería CR2032 ,..PCB/EDU-FSL/Datasheets,MPD,BH32T-C,BH32T-C-ND,,,,,edu-ciaa-fsl,BATTERY
D6,BAT54C,DIODE SCHOTTKY 30V 200MA,..PCB/EDU-FSL/Datasheets,Fairchild Semiconductor,BAT54C,BAT54CFSCT-ND,SOT23-3,,,,edu-ciaa-fsl,BAT54_C
C6,100nF,CAP CER 0,1UF 16V 10% X7R,..PCB/EDU-FSL/Datasheets,Kemet,C0805C104K4RACTU,399-1167-1-ND,0805,,,,edu-ciaa-fsl,C
C5,100nF,CAP CER 0.1UF 16V 10% X7R,..PCB/EDU-FSL/Datasheets,Kemet,C0805C104K4RACTU,399-1167-1-ND,0805,,,,edu-ciaa-fsl,C
TP1,TESTPOINT_PDN,,..PCB/EDU-FSL/Datasheets,,,,,,,,edu-ciaa-fsl,TESTPOINT_PDN
TP2,TESTPOINT_PDN,,..PCB/EDU-FSL/Datasheets,,,,,,,,edu-ciaa-fsl,TESTPOINT_PDN
R3,1k,RES 1K OHM 1/8W 5% 0805 SMD,..PCB/EDU-FSL/Datasheets,Yageo,RC0805JR-071KL,311-1.0KARCT-ND,0805,,,,edu-ciaa-fsl,R
C4,10uF,CAP TANT 10UF 10V 10% 1206,..PCB/EDU-FSL/Datasheet,Kemet,T491A106K010AT,399-3684-2-ND,,1206,,,edu-ciaa-fsl,CAPAPOL
D2,PMEG3020EH,DIODE SCHOTTKY 30V 2A SOD123F,..PCB/EDU-FSL/Datasheets,NXP Semiconductors,PMEG3020EH,115,568-4129-1-ND,SOD-123F,,,,edu-ciaa-fsl,DIODESCH
J2,0022232021,CONN HEADER 2POS .100 VERT TIN,..PCB/EDU-FSL/Datasheet,Molex Inc,0022232021,WM4200-ND,,,,,edu-ciaa-fsl,TB_1X2
D16,SMAZ5V6,DIODE ZENER 5.6V 500MW SOD123,../PCB/EDU-FSL/Datasheets,ON Semiconductor,MMSZ5V6T1G,MMSZ5V6T1GOSCT-ND,,SOD-123,,,edu-ciaa-fsl,ZENER
L4,HZ0805E601R-10,FERRITE 500MA 600 OHM 0805 SMD,..PCB/EDU-FSL/Datasheets,Laird-Signal Integrity Products,HZ0805E601R-10,240-2399-1-ND,0805,,,,edu-ciaa-fsl,FILTER
C7,10uF,CAP TANT 10UF 10V 10% 1206,..PCB/EDU-FSL/Datasheets,Kemet,T491A106K010AT,399-3684-2-ND,,1206,,,edu-ciaa-fsl,CAPAPOL
TP3,~,TEST POINT PC MULTIPURPOSE BRWN,..PCB/EDU-FSL/Datasheets,Keystone Electronics,,36-5125-ND,,,5125,,edu-ciaa-fsl,CONN_1
D5,ST2,LED ALG RED WTR CLR 0805 SMD T/R,..PCB/EDU-FSL/Datasheets,Everlight Electronics Co Ltd,QTLP630C7TR,1080-1412-1-ND,0805,,,,edu-ciaa-fsl,LED
R4,12K 1%,RES 12K OHM 1/8W 1% 0805 SMD,..PCB/EDU-FSL/Datasheets,Yageo,RC0805FR-0712KL,311-12.0KCRCT-ND,0805,,,,edu-ciaa-fsl,R
R5,1K,RES 1.0K OHM 1/10W 5% 0805 SMD,..PCB/EDU-FSL/Datasheets,Susumu,RC0805JR-071KL,RR12P15.0KDCT-ND,0805,,,,edu-ciaa-fsl,R
C15,100nF,CAP CER 0,1UF 16V 10% X7R,..PCB/EDU-FSL/Datasheets,KEMET,C0805C104K4RACTU,399-1167-1-ND,0805,,,,edu-ciaa-fsl,C
C13,10uF,CAP CER 10UF 16V 10% X7R 1206,..PCB/EDU-FSL/Datasheets,KEMET,C1206C106K4RACTU,399-3525-1-ND,1206,,,,edu-ciaa-fsl,CAPAPOL
U5,FT2232H,IC USB HS DUAL UART/FIFO 64-LQFP,..PCB/EDU-FSL/Datasheets,FTDI, Future Technology Devices International Ltd,FT2232HL,768-1024-1-ND,64-LQFP,,,,edu-ciaa-fsl,FT2232H
T2,DLW21HN900SQ2,CHOKE COMMON MODE 90 OHM 0805,..PCB/EDU-FSL/Datasheets,Murata Electronics North America,DLW21HN900SQ2L,490-1064-2-ND,,,,,edu-ciaa-fsl,TRASF_UNIP
J4,FTSH-105-01-L-DV-K-TR,CONN HEADER 10POS DUAL .05" SMD,..PCB/EDU-FSL/Datasheets,Samtec Inc.,FTSH-105-01-L-DV-K-TR,FTSH-105-01-L-DV-K-TR-ND,,,,,edu-ciaa-fsl,CONN_5X2
U7,PRTR5V0U2X,TVS DIODE 5.5VWM SOT143B,..PCB/EDU-FSL/Datasheets,NXP Semiconductors,PRTR5V0U2X,215,568-4140-1-ND,SOT-143B,,,,edu-ciaa-fsl,PRTR5V0U2X
C16,100nF,CAP CER 0,1UF 16V 10% X7R,..PCB/EDU-FSL/Datasheets,KEMET,C0805C104K4RACTU,399-1167-1-ND,0805,,,,edu-ciaa-fsl,C
C17,100nF,CAP CER 0,1UF 16V 10% X7R,..PCB/EDU-FSL/Datasheets,KEMET,C0805C104K4RACTU,399-1167-1-ND,0805,,,,edu-ciaa-fsl,C
C18,100nF,CAP CER 0,1UF 16V 10% X7R,..PCB/EDU-FSL/Datasheets,KEMET,C0805C104K4RACTU,399-1167-1-ND,0805,,,,edu-ciaa-fsl,C
C19,100nF,CAP CER 0,1UF 16V 10% X7R,..PCB/EDU-FSL/Datasheets,KEMET,C0805C104K4RACTU,399-1167-1-ND,0805,,,,edu-ciaa-fsl,C
C20,100nF,CAP CER 0,1UF 16V 10% X7R,..PCB/EDU-FSL/Datasheets,KEMET,C0805C104K4RACTU,399-1167-1-ND,0805,,,,edu-ciaa-fsl,C
C21,100nF,CAP CER 0,1UF 16V 10% X7R,..PCB/EDU-FSL/Datasheets,KEMET,C0805C104K4RACTU,399-1167-1-ND,0805,,,,edu-ciaa-fsl,C
C12,100nF,CAP CER 0.1UF 16V 10% X7R 0805,..PCB/EDU-FSL/Datasheets,KEMET,C0805C104K4RACTU,399-1167-1-ND,0805,,,,edu-ciaa-fsl,C
C11,100nF,CAP CER 0,1UF 16V 10% X7R,..PCB/EDU-FSL/Datasheets,KEMET,C0805C104K4RACTU,399-1167-1-ND,0805,,,,edu-ciaa-fsl,C
C22,100nF,CAP CER 0,1UF 16V 10% X7R,..PCB/EDU-FSL/Datasheets,KEMET,C0805C104K4RACTU,399-1167-1-ND,0805,,,,edu-ciaa-fsl,C
C14,10uF,CAP CER 10UF 16V 10% X7R 1206,..PCB/EDU-FSL/Datasheets,KEMET,C1206C106K4RACTU,399-3525-1-ND,1206,,,,edu-ciaa-fsl,CAPAPOL
C9,10uF,CAP CER 10UF 16V 10% X7R 1206,..PCB/EDU-FSL/Datasheets,KEMET,C1206C106K4RACTU,399-3525-1-ND,1206,,,,edu-ciaa-fsl,CAPAPOL
R11,2K2,RES 2.2K OHM 1/8W 5% 0805,..PCB/EDU-FSL/Datasheets,Stackpole Electronics Inc,RMCF0805JT2K20,RMCF0805JT2K20CT-ND,0805,,,,edu-ciaa-fsl,R
C23,100nF,CAP CER 0.1UF 16V 10% X7R 0805,..PCB/EDU-FSL/Datasheets,KEMET,C0805C104K4RACTU,399-1167-1-ND,0805,,,,edu-ciaa-fsl,C
R10,10K,RES 10K OHM 1/8W 5% 0805 SMD,..PCB/EDU-FSL/Datasheets,Panasonic Electronic Components,ERJ-6GEYJ103V,P10KACT-ND,0805,,,,edu-ciaa-fsl,R
R9,10K,RES 10K OHM 1/8W 5% 0805 SMD,..PCB/EDU-FSL/Datasheets,Panasonic Electronic Components,ERJ-6GEYJ103V,P10KACT-ND,0805,,,,edu-ciaa-fsl,R
R8,10K,RES 10K OHM 1/8W 5% 0805 SMD,..PCB/EDU-FSL/Datasheets,Panasonic Electronic Components,ERJ-6GEYJ103V,P10KACT-ND,0805,,,,edu-ciaa-fsl,R
U8,93C46,IC EEPROM 1KBIT 2MHZ 8SOIC,..PCB/EDU-FSL/Datasheets,Atmel,AT93C46DN-SH-T,AT93C46DN-SH-TCT-ND,SOIC-8,,,,edu-ciaa-fsl,93C56
C10,100nF,CAP CER 0,1UF 16V 10% X7R,..PCB/EDU-FSL/Datasheets,KEMET,C0805C104K4RACTU,399-1167-1-ND,0805,,,,edu-ciaa-fsl,C
U6,74HC244,IC BUFF/DVR TRI-ST DUAL 20TSSOP,..PCB/EDU-FSL/Datasheets,NXP,74HC244PW,112,568-8285-5-ND,TSSOP-20,,,,edu-ciaa-fsl,74HC244
R7,10K,RES 10K OHM 1/8W 5% 0805 SMD,..PCB/EDU-FSL/Datasheets,Panasonic Electronic Components,ERJ-6GEYJ103V,P10KACT-ND,0805,,,,edu-ciaa-fsl,R
J3,ZX62D-AB-5P8,CONN RCPT MCR USB AB SMD TH SHLL,..PCB/EDU-FSL/Datasheets,Hirose Electric Co Ltd,ZX62D-AB-5P8,H11494CT-ND,,,,,edu-ciaa-fsl,MICRO_USB
C24,10uF,CAP CER 10UF 16V 10% X7R 1206,..PCB/EDU-FSL/Datasheets,KEMET,C1206C106K4RACTU,399-3525-1-ND,1206,,,,edu-ciaa-fsl,CAPAPOL
C25,100nF,CAP CER 0,1UF 16V X7R 10% 0805,..PCB/EDU-FSL/Datasheets,KEMET,C0805C104K4RACTU,399-1167-1-ND,0805,,,,edu-ciaa-fsl,C
L7,MI0805M221R-10,FERRITE CHIP POWER 220 OHM SMD,..PCB/EDU-FSL/Datasheets,Laird-Signal Integrity Products,MI0805M221R-10,240-2392-1-ND,0805,,,,edu-ciaa-fsl,FILTER
L8,MI0805M221R-10,FERRITE CHIP POWER 220 OHM SMD,..PCB/EDU-FSL/Datasheets,Laird-Signal Integrity Products,MI0805M221R-10,240-2392-1-ND,0805,,,,edu-ciaa-fsl,FILTER
L5,HZ0805E601R-10,FERRITE 500MA 600 OHM 0805 SMD,..PCB/EDU-FSL/Datasheets,Laird-Signal Integrity Products,HZ0805E601R-10,240-2399-1-ND,0805,,,,edu-ciaa-fsl,FILTER
L6,HZ0805E601R-10,FERRITE 500MA 600 OHM 0805 SMD,..PCB/EDU-FSL/Datasheets,Laird-Signal Integrity Products,HZ0805E601R-10,240-2399-1-ND,0805,,,,edu-ciaa-fsl,FILTER
Y3,12MHz,CRYSTAL_12MHZ_12PF_SMD,../PCB/EDU-FSL/Datasheets,TXC_CORPORATION,,887-1831-1-ND,,,7S-12.000MAHE-T,,edu-ciaa-fsl,SMD_Sealing_Glass_Crystal
C8,20pF,CAP CER 20PF 50V 5% NP0 0805,..PCB/EDU-FSL/Datasheets,Kemet,C0805C200J5GACTU,399-8033-1-ND,0805,,,,edu-ciaa-fsl,C
C53,20pF,CAP CER 20PF 50V 5% NP0 0805,..PCB/EDU-FSL/Datasheets,Kemet,C0805C200J5GACTU,399-8033-1-ND,0805,,,,edu-ciaa-fsl,C
U9,SN65HVD1176DR,IC RS485 PROFIBUS TXRX 8-SOIC,..PCB/EDU-FSL/Datasheets,Exar Corporation,SN65HVD1176DR,296-26337-1-ND,SOIC-8,,,,edu-ciaa-fsl,MAX3072
C27,100nF,CAP CER 0.1UF 16V 10% X7R 0805,..PCB/EDU-FSL/Datasheets,Kemet,C0805C104K4RACTU,399-1167-1-ND,0805,,,,edu-ciaa-fsl,C
R16,220,RES 200 OHM 1/10W .5% 0805 SMD,..PCB/EDU-FSL/Datasheets,Susumu,RR1220P-201-D,RR12P200DCT-ND,0805,,,,edu-ciaa-fsl,R
D8,P6SMB12CAT3G,TVS DIODE 10.2VWM 16.7VC SMB,..PCB/EDU-FSL/Datasheets,ON Semiconductor,P6SMB12CAT3G,P6SMB12CAT3GOSCT-ND,DO-214AA, SMB,,,,edu-ciaa-fsl,ESD
D7,P6SMB12CAT3G,TVS DIODE 10.2VWM 16.7VC SMB,..PCB/EDU-FSL/Datasheets,ON Semiconductor,P6SMB12CAT3G,P6SMB12CAT3GOSCT-ND,DO-214AA, SMB,,,,edu-ciaa-fsl,ESD
D9,P6SMB12CAT3G,TVS DIODE 10.2VWM 16.7VC SMB,..PCB/EDU-FSL/Datasheets,ON Semiconductor,P6SMB12CAT3G,P6SMB12CAT3GOSCT-ND,DO-214AA, SMB,,,,edu-ciaa-fsl,ESD
R15,390,RES 390 OHM 1/10W .5% 0805 SMD,..PCB/EDU-FSL/Datasheets,Susumu,RR1220P-391-D,RR12P390DCT-ND,0805,,,,edu-ciaa-fsl,R
J5,TB_1X3,TERM BLOCK 5.08MM VERT 3POS PCB,..PCB/EDU-FSL/Datasheets,On Shore Technology Inc,OSTTC032162,ED2610-ND,,,,,edu-ciaa-fsl,TB_1X3
R14,4K7,RES 4.7K ohm 1/8W 5% 0805 SMD,..PCB/EDU-FSL/Datasheets,Samsung,RC2012J472CS,1276-5544-1-ND,0805,,,,edu-ciaa-fsl,R
C26,10uF,CAP CER 10UF 16V 10% X7R 1206,..PCB/EDU-FSL/Datasheets,Kemet,C1206C106K4RACTU,399-3525-1-ND,1206 (3216 Metric),,,,edu-ciaa-fsl,CP
F2,USMF020,FUSE RESETTABLE .20A 30V HLD SMD,..PCB/EDU-FSL/Datasheets,Bourns Inc.,MF-USMF020-2,MF-USMF020-2CT-ND,1210 (3225 métrico), cóncavo,,,,edu-ciaa-fsl,THERMISTOR
F1,USMF020,FUSE RESETTABLE .20A 30V HLD SMD,..PCB/EDU-FSL/Datasheets,Bourns Inc.,MF-USMF020-2,MF-USMF020-2CT-ND,1210 (3225 métrico), cóncavo,,,,edu-ciaa-fsl,THERMISTOR
R18,100,RES 100 OHM 1/2W 5% 2010 SMD,..PCB/EDU-FSL/Datasheets,Bourns Inc.,CR2010-JW-101ELF,CR2010-JW-101ELFCT-ND,2010,,,,edu-ciaa-fsl,R
R13,4K7,RES 4.7K OHM 1/8W 5% 0805 SMD,..PCB/EDU-FSL/Datasheets,Samsung,RC2012J472CS,1276-5544-1-ND,0805,,,,edu-ciaa-fsl,R
JP2,JUMPER-2,,,,,,,,,,edu-ciaa-fsl,JUMPER
JP3,JUMPER-2,,,,,,,,,,edu-ciaa-fsl,JUMPER
JP4,JUMPER-2,,,,,,,,,,edu-ciaa-fsl,JUMPER
R17,390,RES 390 OHM 1/10W .5% 0805 SMD,..PCB/EDU-FSL/Datasheets,Susumu,RR1220P-391-D,RR12P390DCT-ND,0805,,,,edu-ciaa-fsl,R
R12,4K7,RES 4.7K ohm 1/8W 5% 0805 SMD,..PCB/EDU-FSL/Datasheets,Samsung,RC2012J472CS,1276-5544-1-ND,0805,,,,edu-ciaa-fsl,R
JP1,JUMPER-2,,,,,,,,,,edu-ciaa-fsl,JUMPER
R19,1k,RES 1K OHM 1/8W 5% 0805 SMD,..PCB/EDU-FSL/Datasheets,Yageo,RC0805JR-071KL,311-1.0KARCT-ND,,0805,,,edu-ciaa-fsl,R
R23,10k,RES 10K OHM 1/8W 5% 0805 SMD,..PCB/EDU-FSL/Datasheets,Panasonic Electronic Components,ERJ-6GEYJ103V,P10KACT-ND,,0805,,,edu-ciaa-fsl,R
C28,100nF,CAP CER 0.1UF 16V 10% X7R 0805,..PCB/EDU-FSL/Datasheets,Kemet,C0805C104K4RACTU,399-1167-1-ND,,0805,,,edu-ciaa-fsl,C
R20,1k,RES 1K OHM 1/8W 5% 0805 SMD,..PCB/EDU-FSL/Datasheets,Yageo,RC0805JR-071KL,311-1.0KARCT-ND,,0805,,,edu-ciaa-fsl,R
R24,10k,RES 10K OHM 1/8W 5% 0805 SMD,..PCB/EDU-FSL/Datasheets,Panasonic Electronic Components,ERJ-6GEYJ103V,P10KACT-ND,,0805,,,edu-ciaa-fsl,R
C29,100nF,CAP CER 0.1UF 16V 10% X7R 0805,..PCB/EDU-FSL/Datasheets,Kemet,C0805C104K4RACTU,399-1167-1-ND,,0805,,,edu-ciaa-fsl,C
R21,1k,RES 1K OHM 1/8W 5% 0805 SMD,..PCB/EDU-FSL/Datasheets,Yageo,RC0805JR-071KL,311-1.0KARCT-ND,,0805,,,edu-ciaa-fsl,R
R25,10k,RES 10K OHM 1/8W 5% 0805 SMD,..PCB/EDU-FSL/Datasheets,Panasonic Electronic Components,ERJ-6GEYJ103V,P10KACT-ND,,0805,,,edu-ciaa-fsl,R
C30,100nF,CAP CER 0.1UF 16V 10% X7R 0805,..PCB/EDU-FSL/Datasheets,Kemet,C0805C104K4RACTU,399-1167-1-ND,,0805,,,edu-ciaa-fsl,C
R22,1k,RES 1K OHM 1/8W 5% 0805 SMD,..PCB/EDU-FSL/Datasheets,Yageo,RC0805JR-071KL,311-1.0KARCT-ND,,0805,,,edu-ciaa-fsl,R
R26,10k,RES 10K OHM 1/8W 5% 0805 SMD,..PCB/EDU-FSL/Datasheets,Panasonic Electronic Components,ERJ-6GEYJ103V,P10KACT-ND,,0805,,,edu-ciaa-fsl,R
C31,100nF,CAP CER 0.1UF 16V 10% X7R 0805,..PCB/EDU-FSL/Datasheets,Kemet,C0805C104K4RACTU,399-1167-1-ND,,0805,,,edu-ciaa-fsl,C
R41,10k,RES 10K OHM 1/8W 5% 0805 SMD,..PCB/EDU-FSL/Datasheets,Panasonic Electronic Components,ERJ-6GEYJ103V,P10KACT-ND,,0805,,,edu-ciaa-fsl,R
R43,680,RES 680 OHM 1/10W .5% 0805 SMD,..PCB/EDU-FSL/Datasheets,Susumu,RR1220P-681-D,RR12P680DCT-ND,,0805,,,edu-ciaa-fsl,R
R28,10k,RES 10K OHM 1/8W 5% 0805 SMD,..PCB/EDU-FSL/Datasheets,Panasonic Electronic Components,ERJ-6GEYJ103V,P10KACT-ND,,0805,,,edu-ciaa-fsl,R
R29,680,RES 680 OHM 1/10W .5% 0805 SMD,..PCB/EDU-FSL/Datasheets,Susumu,RR1220P-681-D,RR12P680DCT-ND,,0805,,,edu-ciaa-fsl,R
Q2,2N7002,MOSFET N-CH 60V 115MA SOT-23,..PCB/EDU-FSL/Datasheets,Fairchild Semiconductor,2N7002,2N7002NCT-ND,,SOT-23,,,edu-ciaa-fsl,MOSFET_N
R32,10k,RES 10K OHM 1/8W 5% 0805 SMD,..PCB/EDU-FSL/Datasheets,Panasonic Electronic Components,ERJ-6GEYJ103V,P10KACT-ND,,0805,,,edu-ciaa-fsl,R
R34,680,RES 680 OHM 1/10W .5% 0805 SMD,..PCB/EDU-FSL/Datasheets,Susumu,RR1220P-681-D,RR12P680DCT-ND,,0805,,,edu-ciaa-fsl,R
Q4,2N7002,MOSFET N-CH 60V 115MA SOT-23,..PCB/EDU-FSL/Datasheets,Fairchild Semiconductor,2N7002,2N7002NCT-ND,,SOT-23,,,edu-ciaa-fsl,MOSFET_N
R37,10k,RES 10K OHM 1/8W 5% 0805 SMD,..PCB/EDU-FSL/Datasheets,Panasonic Electronic Components,ERJ-6GEYJ103V,P10KACT-ND,,0805,,,edu-ciaa-fsl,R
R38,680,RES 680 OHM 1/10W .5% 0805 SMD,..PCB/EDU-FSL/Datasheets,Susumu,RR1220P-681-D,RR12P680DCT-ND,,0805,,,edu-ciaa-fsl,R
Q3,2N7002,MOSFET N-CH 60V 115MA SOT-23,..PCB/EDU-FSL/Datasheets,Fairchild Semiconductor,2N7002,2N7002NCT-ND,,SOT-23,,,edu-ciaa-fsl,MOSFET_N
R33,10k,RES 10K OHM 1/8W 5% 0805 SMD,..PCB/EDU-FSL/Datasheets,Panasonic Electronic Components,ERJ-6GEYJ103V,P10KACT-ND,,0805,,,edu-ciaa-fsl,R
R35,680,RES 680 OHM 1/10W .5% 0805 SMD,..PCB/EDU-FSL/Datasheets,Susumu,RR1220P-681-D,RR12P680DCT-ND,,0805,,,edu-ciaa-fsl,R
LED1,LED_ARBG,LED RGB 605/525/470NM DIFF SMD,..PCB/EDU-FSL/Datasheets,Lite-On Inc,LTST-C19FD1WT,160-2022-1-ND,,PLCC-4,,,edu-ciaa-fsl,LED_ARBG
R30,330k,RES 330K OHM 1/8W 5% 0805,..PCB/EDU-FSL/Datasheets,Stackpole Electronics Inc,RMCF0805JT330K,RMCF0805JT330KCT-ND,,0805,,,edu-ciaa-fsl,R
R36,330k,RES 330K OHM 1/8W 5% 0805,..PCB/EDU-FSL/Datasheets,Stackpole Electronics Inc,RMCF0805JT330K,RMCF0805JT330KCT-ND,,0805,,,edu-ciaa-fsl,R
R27,330k,RES 330K OHM 1/8W 5% 0805,..PCB/EDU-FSL/Datasheets,Stackpole Electronics Inc,RMCF0805JT330K,RMCF0805JT330KCT-ND,,0805,,,edu-ciaa-fsl,R
R39,330k,RES 330K OHM 1/8W 5% 0805,..PCB/EDU-FSL/Datasheets,Stackpole Electronics Inc,RMCF0805JT330K,RMCF0805JT330KCT-ND,,0805,,,edu-ciaa-fsl,R
R31,330k,RES 330K OHM 1/8W 5% 0805,..PCB/EDU-FSL/Datasheets,Stackpole Electronics Inc,RMCF0805JT330K,RMCF0805JT330KCT-ND,,0805,,,edu-ciaa-fsl,R
R40,330k,RES 330K OHM 1/8W 5% 0805,..PCB/EDU-FSL/Datasheets,Stackpole Electronics Inc,RMCF0805JT330K,RMCF0805JT330KCT-ND,,0805,,,edu-ciaa-fsl,R
R44,680,RES 680 OHM 1/10W .5% 0805 SMD,..PCB/EDU-FSL/Datasheets,Susumu,RR1220P-681-D,RR12P680DCT-ND,,0805,,,edu-ciaa-fsl,R
R42,10k,RES 10K OHM 1/8W 5% 0805 SMD,..PCB/EDU-FSL/Datasheets,Panasonic Electronic Components,ERJ-6GEYJ103V,P10KACT-ND,,0805,,,edu-ciaa-fsl,R
Q6,2N7002,MOSFET N-CH 60V 115MA SOT-23,..PCB/EDU-FSL/Datasheets,Fairchild Semiconductor,2N7002,2N7002NCT-ND,,SOT-23,,,edu-ciaa-fsl,MOSFET_N
D10,LED,LED ALG RED WTR CLR 0805 SMD T/R,..PCB/EDU-FSL/Datasheets,Everlight Electronics Co Ltd,QTLP630C7TR,1080-1412-1-ND,,0805,,,edu-ciaa-fsl,LED
D12,LED,LED GREEN WATER CLR 0805 SMD T/R,..PCB/EDU-FSL/Datasheets,Everlight Electronics Co Ltd,QTLP630C7TR,1080-1411-1-ND,,0805,,,edu-ciaa-fsl,LED
D11,LED,LED YELLOW WTR CLR 0805 SMD T/R,..PCB/EDU-FSL/Datasheets,Everlight Electronics Co Ltd,QTLP630C7TR,1080-1410-1-ND,,0805,,,edu-ciaa-fsl,LED
Q5,2N7002,MOSFET N-CH 60V 115MA SOT-23,..PCB/EDU-FSL/Datasheets,Fairchild Semiconductor,2N7002,2N7002NCT-ND,,SOT-23,,,edu-ciaa-fsl,MOSFET_N
Q1,2N7002,MOSFET N-CH 60V 115MA SOT-23,..PCB/EDU-FSL/Datasheets,Fairchild Semiconductor,2N7002,2N7002NCT-ND,,SOT-23,,,edu-ciaa-fsl,MOSFET_N
SW1,TEC_1,SWITCH TACTILE SPST-NO 0.05A 24V,../PCN/EDU-NXP/Datasheets,TE Connectivity,1825910-7,450-1804-ND,,,,,edu-ciaa-fsl,SW_PUSH
SW3,TEC_3,SWITCH TACTILE SPST-NO 0.05A 24V,../PCN/EDU-NXP/Datasheets,TE Connectivity,1825910-7,450-1804-ND,,,,,edu-ciaa-fsl,SW_PUSH
SW4,TEC_4,SWITCH TACTILE SPST-NO 0.05A 24V,../PCN/EDU-NXP/Datasheets,TE Connectivity,1825910-7,450-1804-ND,,,,,edu-ciaa-fsl,SW_PUSH
SW2,TEC_2,SWITCH TACTILE SPST-NO 0.05A 24V,../PCN/EDU-NXP/Datasheets,TE Connectivity,1825910-7,450-1804-ND,,,,,edu-ciaa-fsl,SW_PUSH
F3,MF-MSMF030-2,PTC RESETTABLE .30A 30V 1812,../PCB/EDU-FSL/Datasheets,Bourns Inc.,MF-MSMF030-2,MF-MSMF030-2CT-ND,,1812,,,edu-ciaa-fsl,THERMISTOR
P1,CONN_20X2,edu-ciaa-fsl,CONN_20X2
P2,CONN_20X2,edu-ciaa-fsl,CONN_20X2
R48,470,RES 470 OHM 1/8W 5% 0805 SMD,..PCB/EDU-FSL/Datasheets,Panasonic Electronic Components,ERJ-6GEYJ471V,P470ACT-ND,,0805,,,edu-ciaa-fsl,R
R47,1k2,RES 1.2K OHM 1/8W 5% 0805,..PCB/EDU-FSL/Datasheets,Stackpole Electronics Inc,RMCF0805JT1K20,RMCF0805JT1K20CT-ND,,0805,,,edu-ciaa-fsl,R
R46,1k2,RES 1.2K OHM 1/8W 5% 0805,..PCB/EDU-FSL/Datasheets,Stackpole Electronics Inc,RMCF0805JT1K20,RMCF0805JT1K20CT-ND,,0805,,,edu-ciaa-fsl,R
R45,1k2,RES 1.2K OHM 1/8W 5% 0805,..PCB/EDU-FSL/Datasheets,Stackpole Electronics Inc,RMCF0805JT1K20,RMCF0805JT1K20CT-ND,,0805,,,edu-ciaa-fsl,R
F5,MF-MSMF030-2,PTC RESETTABLE .30A 30V 1812,../PCB/EDU-FSL/Datasheets,Bourns Inc.,MF-MSMF030-2,MF-MSMF030-2CT-ND,,1812,,,edu-ciaa-fsl,THERMISTOR
F4,MF-MSMF030-2,PTC RESETTABLE .30A 30V 1812,../PCB/EDU-FSL/Datasheets,Bourns Inc.,MF-MSMF030-2,MF-MSMF030-2CT-ND,,1812,,,edu-ciaa-fsl,THERMISTOR
F6,MF-MSMF030-2,PTC RESETTABLE .30A 30V 1812,../PCB/EDU-FSL/Datasheets,Bourns Inc.,MF-MSMF030-2,MF-MSMF030-2CT-ND,,1812,,,edu-ciaa-fsl,THERMISTOR
L9,MI0805M221R-10,FERRITE CHIP POWER 220 OHM SMD,..PCB/EDU-FSL/Datasheets,Laird-Signal Integrity Products,MI0805M221R-10,240-2392-1-ND,0805,,,,edu-ciaa-fsl,FILTER
C44,100nF,CAP CER 0.1UF 16V 10% X7R 0805,..PCB/EDU-FSL/Datasheets,Kemet,C0805C104K4RACTU,399-1167-1-ND,0805,,,,edu-ciaa-fsl,C
C43,10uF,CAP CER 10UF 16V 10% X7R 1206,..PCB/EDU-FSL/Datasheets,Kemet,C1206C106K4RACTU,399-3525-1-ND,1206,,,,edu-ciaa-fsl,CAPAPOL
C46,2.2uF,CAP CER 2.2UF 16V 10% X7R 0805,..PCB/EDU-FSL/Datasheets,Kemet,C0805C225K4RACTU,399-3523-1-ND,0805,,,,edu-ciaa-fsl,C
C50,100nF,CAP CER 0.1UF 16V 10% X7R 0805,..PCB/EDU-FSL/Datasheets,Kemet,,,0805,,,,edu-ciaa-fsl,C
C45,100nF,CAP CER 0.1UF 16V 10% X7R 0805,..PCB/EDU-FSL/Datasheets,Kemet,C0805C104K4RACTU,399-1167-1-ND,0805,,,,edu-ciaa-fsl,C
C33,100nF,CAP CER 0.1UF 16V 10% X7R 0805,..PCB/EDU-FSL/Datasheets,Kemet,C0805C104K4RACTU,399-1167-1-ND,0805,,,,edu-ciaa-fsl,C
C34,100nF,CAP CER 0.1UF 16V 10% X7R 0805,..PCB/EDU-FSL/Datasheets,Kemet,C0805C104K4RACTU,399-1167-1-ND,0805,,,,edu-ciaa-fsl,C
C35,100nF,CAP CER 0.1UF 16V 10% X7R 0805,..PCB/EDU-FSL/Datasheets,Kemet,C0805C104K4RACTU,399-1167-1-ND,0805,,,,edu-ciaa-fsl,C
C37,100nF,CAP CER 0.1UF 16V 10% X7R 0805,..PCB/EDU-FSL/Datasheets,Kemet,C0805C104K4RACTU,399-1167-1-ND,0805,,,,edu-ciaa-fsl,C
C38,100nF,CAP CER 0.1UF 16V 10% X7R 0805,..PCB/EDU-FSL/Datasheets,Kemet,C0805C104K4RACTU,399-1167-1-ND,0805,,,,edu-ciaa-fsl,C
C39,100nF,CAP CER 0.1UF 16V 10% X7R 0805,..PCB/EDU-FSL/Datasheets,Kemet,C0805C104K4RACTU,399-1167-1-ND,0805,,,,edu-ciaa-fsl,C
C40,100nF,CAP CER 0.1UF 16V 10% X7R 0805,..PCB/EDU-FSL/Datasheets,Kemet,C0805C104K4RACTU,399-1167-1-ND,0805,,,,edu-ciaa-fsl,C
C41,100nF,CAP CER 0.1UF 16V 10% X7R 0805,..PCB/EDU-FSL/Datasheets,Kemet,C0805C104K4RACTU,399-1167-1-ND,0805,,,,edu-ciaa-fsl,C
C48,100nF,CAP CER 0.1UF 16V 10% X7R 0805,..PCB/EDU-FSL/Datasheets,Kemet,C0805C104K4RACTU,399-1167-1-ND,0805,,,,edu-ciaa-fsl,C
C51,10nF,CAP CER 10000PF 16V 10% X7R 0805,..PCB/EDU-FSL/Datasheets,Kemet,C0805C103K4RACTU,399-7995-1-ND,0805,,,,edu-ciaa-fsl,C
R55,10K,RES 10K OHM 1/8W 5% 0805 SMD,..PCB/EDU-FSL/Datasheets,Panasonic Electronic Components,ERJ-6GEYJ103V,P10KACT-ND,0805,,,,edu-ciaa-fsl,R
Y1,32.768KHZ,CRYSTAL 32.768KHZ 12.5PF SMD,..PCB/EDU-FSL/Datasheets,Abracon Corporation,ABS25-32.768KHZ-T,535-9166-1-ND,,,,,edu-ciaa-fsl,CRYSTAL_4Pin_Mini_GND
R50,2K2,RES 2.2K OHM 1/8W 5% 0805,..PCB/EDU-FSL/Datasheets,Stackpole Electronics Inc,RMCF0805JT2K20,RMCF0805JT2K20CT-ND,0805,,,,edu-ciaa-fsl,R
R52,2K2,RES 2.2K OHM 1/8W 5% 0805,..PCB/EDU-FSL/Datasheets,Stackpole Electronics Inc,RMCF0805JT2K20,RMCF0805JT2K20CT-ND,0805,,,,edu-ciaa-fsl,R
L10,MI0805M221R-10,FERRITE CHIP POWER 220 OHM SMD,..PCB/EDU-FSL/Datasheets,Laird-Signal Integrity Products,MI0805M221R-10,240-2392-1-ND,0805,,,,edu-ciaa-fsl,FILTER
C42,100nF,CAP CER 0.1UF 16V 10% X7R 0805,..PCB/EDU-FSL/Datasheets,Kemet,C0805C104K4RACTU,399-1167-1-ND,0805,,,,edu-ciaa-fsl,C
C47,10nF,CAP CER 10000PF 16V 10% X7R 0805,..PCB/EDU-FSL/Datasheets,Kemet,C0805C103K4RACTU,399-7995-1-ND,0805,,,,edu-ciaa-fsl,C
S5,RESET,SWITCH TACTILE SPST-NO 0.05A 24V,..PCB/EDU-FSL/Datasheets,TE Connectivity,1825910-7,450-1804-ND,,,,,edu-ciaa-fsl,SW_PUSH
D15,LL4148,DIODE SMALL SIG 100V 0.2A SOD80,..PCB/EDU-FSL/Datasheets,,LL4148,LL4148FSCT-ND,SOD80,,,Fairchild,edu-ciaa-fsl,DIODE
U10,MK60FX512VLQ15,MCU ARM 512KB FLASH,..PCB/EDU-FSL/Datasheets,Freescale Semiconductor,MCIMX6D5EYM10AC,MK60FX512VLQ15-ND,144 LQFP,,,,edu-ciaa-fsl,MK60FX512VLQ15
D13,ST1,LED GREEN WATER CLR 0805 SMD T/R,..PCB/EDU-FSL/Datasheets,Everlight Electronics Co Ltd,QTLP600C4TR,1080-1411-1-ND,0805,,,,edu-ciaa-fsl,LED
D14,ST2,LED ALG RED WTR CLR 0805 SMD T/R,..PCB/EDU-FSL/Datasheets,Everlight Electronics Co Ltd,QTLP630C7TR,1080-1412-1-ND,0805,,,,edu-ciaa-fsl,LED
R51,680,RES 680 OHM 1/8W 5% 0805,..PCB/EDU-FSL/Datasheets,Stackpole Electronics Inc,RMCF0805JT680R,RMCF0805JT680RCT-ND,0805,,,,edu-ciaa-fsl,R
R49,680,RES 680 OHM 1/8W 5% 0805,..PCB/EDU-FSL/Datasheets,Stackpole Electronics Inc,RMCF0805JT680R,RMCF0805JT680RCT-ND,0805,,,,edu-ciaa-fsl,R
R54,10M,RES 10M OHM 1/8W 5% 0805,..PCB/EDU-FSL/Datasheets,Stackpole Electronics Inc,RMCF0805JT10M0,RMCF0805JT10M0CT-ND,0805,,,,edu-ciaa-fsl,R
Y2,12MHz,CRYSTAL 12MHZ 12PF SMD,../PCB/EDU-FSL/Datasheets,TXC_CORPORATION,,887-1831-1-ND,,,7S-12.000MAHE-T,,edu-ciaa-fsl,SMD_Sealing_Glass_Crystal
C49,20pF,CAP CER 20PF 50V 5% NP0 0805,..PCB/EDU-FSL/Datasheets,Kemet,C0805C200J5GACTU,399-8033-1-ND,0805,,,,edu-ciaa-fsl,C
C52,20pF,CAP CER 20PF 50V 5% NP0 0805,..PCB/EDU-FSL/Datasheets,Kemet,C0805C200J5GACTU,399-8033-1-ND,0805,,,,edu-ciaa-fsl,C
R6,2K2,RES 2.2K OHM 1/8W 5% 0805,..PCB/EDU-FSL/Datasheets,Stackpole Electronics Inc,RMCF0805JT2K20,RMCF0805JT2K20CT-ND,0805,,,,edu-ciaa-fsl,R
